"SchemaName","TableName","FullName","TableRowCount","LastActivityDate","IsEmpty","LastWeek"
"Aktivitet","__MigrationHistory","Aktivitet.__MigrationHistory","9","","False",
"Aktivitet","AktivitetKnrs","Aktivitet.AktivitetKnrs","0","","True",
"Aktivitet","AktivitetMottakers","Aktivitet.AktivitetMottakers","0","","True",
"Aktivitet","Aktivitets","Aktivitet.Aktivitets","0","","True",
"Aktivitet","AktivitetSmsVannmålerpunktKobling","Aktivitet.AktivitetSmsVannmålerpunktKobling","0","","True",
"Aktivitet","ChangeLogs","Aktivitet.ChangeLogs","0","","True",
"Aktivitet","SmsPrioriterings","Aktivitet.SmsPrioriterings","2","","False",
"Aktivitet","SmsPrioriteringslistes","Aktivitet.SmsPrioriteringslistes","1","","False",
"Aktivitet","SmsTekstMals","Aktivitet.SmsTekstMals","1","","False",
"dbo","Aktivitet","dbo.Aktivitet","231983","","False",
"dbo","AktivitetFilData","dbo.AktivitetFilData","44300","","False",
"dbo","AktivitetForsendelseKnr","dbo.AktivitetForsendelseKnr","0","","True",
"dbo","AktivitetForsendelseKnrDokumentType","dbo.AktivitetForsendelseKnrDokumentType","6","","False",
"dbo","AktivitetForsendelseMal","dbo.AktivitetForsendelseMal","0","","True",
"dbo","AktivitetForsendelseStatus","dbo.AktivitetForsendelseStatus","2","","False",
"dbo","AktivitetKnr","dbo.AktivitetKnr","8155","","False",
"dbo","AktivitetKobletFagobjekt","dbo.AktivitetKobletFagobjekt","0","","True",
"dbo","AktivitetLogg","dbo.AktivitetLogg","31719","","False",
"dbo","AktivitetMal","dbo.AktivitetMal","70","","False",
"dbo","AktivitetMal_AktivitetMal_Klassering","dbo.AktivitetMal_AktivitetMal_Klassering","0","","True",
"dbo","AktivitetMal_Arkivdel","dbo.AktivitetMal_Arkivdel","0","","True",
"dbo","AktivitetMal_DokumentStatus","dbo.AktivitetMal_DokumentStatus","0","","True",
"dbo","AktivitetMal_Journalenhet","dbo.AktivitetMal_Journalenhet","0","","True",
"dbo","AktivitetMal_JournalStatus","dbo.AktivitetMal_JournalStatus","0","","True",
"dbo","AktivitetMal_JournalType","dbo.AktivitetMal_JournalType","0","","True",
"dbo","AktivitetMal_Klassering","dbo.AktivitetMal_Klassering","0","","True",
"dbo","AktivitetMal_KlasseringVerdi","dbo.AktivitetMal_KlasseringVerdi","0","","True",
"dbo","AktivitetMal_Saksstatus","dbo.AktivitetMal_Saksstatus","0","","True",
"dbo","AktivitetMal_Sakstype","dbo.AktivitetMal_Sakstype","0","","True",
"dbo","AktivitetMal_SkjermingOpphorerAksjon","dbo.AktivitetMal_SkjermingOpphorerAksjon","0","","True",
"dbo","AktivitetMal_Tilgangsrestriksjon","dbo.AktivitetMal_Tilgangsrestriksjon","0","","True",
"dbo","AktivitetMalKunde","dbo.AktivitetMalKunde","5","","False",
"dbo","AktivitetMalSpørring","dbo.AktivitetMalSpørring","16","","False",
"dbo","AktivitetMalSQL","dbo.AktivitetMalSQL","9","","False",
"dbo","AktivitetPerson","dbo.AktivitetPerson","0","","True",
"dbo","AktivitetPersonDokument","dbo.AktivitetPersonDokument","0","","True",
"dbo","AktivitetPersonLeveringsmetode","dbo.AktivitetPersonLeveringsmetode","3","","False",
"dbo","AktivitetPersonRolle","dbo.AktivitetPersonRolle","4","","False",
"dbo","AktivitetPurring","dbo.AktivitetPurring","0","","True",
"dbo","AktivitetPurringerKnr","dbo.AktivitetPurringerKnr","0","","True",
"dbo","AktivitetStatus","dbo.AktivitetStatus","7","","False",
"dbo","AktivitetSubType","dbo.AktivitetSubType","13","","False",
"dbo","AktivitetType","dbo.AktivitetType","13","","False",
"dbo","Arbeidsliste","dbo.Arbeidsliste","264","","False",
"dbo","Arbeidsliste_202301","dbo.Arbeidsliste_202301","178","","False",
"dbo","ArbeidslisteLinjer","dbo.ArbeidslisteLinjer","62001","","False",
"dbo","ArbeidslisteLinjer_202301","dbo.ArbeidslisteLinjer_202301","44525","","False",
"dbo","ArbeidslisteLinjerSlam_OLD","dbo.ArbeidslisteLinjerSlam_OLD","0","","True",
"dbo","ArbeidslisteType","dbo.ArbeidslisteType","1","","False",
"dbo","AutomatiskOppgaveAction","dbo.AutomatiskOppgaveAction","4","","False",
"dbo","AvfallStatKnr","dbo.AvfallStatKnr","0","","True",
"dbo","Avtale","dbo.Avtale","110775","","False",
"dbo","Avtale_Eierstatus","dbo.Avtale_Eierstatus","0","","True",
"dbo","Avtale_old","dbo.Avtale_old","0","","True",
"dbo","Avtale_Rute","dbo.Avtale_Rute","0","","True",
"dbo","Avtale_Test","dbo.Avtale_Test","0","","True",
"dbo","AvtaleFakturaStatus","dbo.AvtaleFakturaStatus","3","","False",
"dbo","AvtaleFaktureringstype","dbo.AvtaleFaktureringstype","3","","False",
"dbo","AvtalegiroForsendelse","dbo.AvtalegiroForsendelse","328","","False",
"dbo","AvtalegiroOppdrag","dbo.AvtalegiroOppdrag","328","","False",
"dbo","AvtalegiroTransaksjon","dbo.AvtalegiroTransaksjon","345961","","False",
"dbo","AvtaleKontaktPerson","dbo.AvtaleKontaktPerson","0","","True",
"dbo","AvtaleKontaktPersonRolle","dbo.AvtaleKontaktPersonRolle","3","","False",
"dbo","Avtalelinjer","dbo.Avtalelinjer","1014983","","False",
"dbo","AvtalelinjerLogg","dbo.AvtalelinjerLogg","31746","","False",
"dbo","AvtaleLogg","dbo.AvtaleLogg","31746","","False",
"dbo","AvtalePerson","dbo.AvtalePerson","0","","True",
"dbo","AvtalePersonRolle","dbo.AvtalePersonRolle","1","","False",
"dbo","Avtaletype","dbo.Avtaletype","25","","False",
"dbo","AvvikBehandlingsType","dbo.AvvikBehandlingsType","4","","False",
"dbo","AvvikBrev","dbo.AvvikBrev","3","","False",
"dbo","AvviksType","dbo.AvviksType","103","","False",
"dbo","Betalingsform","dbo.Betalingsform","6","","False",
"dbo","Betalingstype","dbo.Betalingstype","32","","False",
"dbo","Bilder","dbo.Bilder","26435","","False",
"dbo","Bildestørrelse","dbo.Bildestørrelse","2","","False",
"dbo","Bransje","dbo.Bransje","9","","False",
"dbo","bransje_tmp","dbo.bransje_tmp","4","","False",
"dbo","Bruker","dbo.Bruker","51","","False",
"dbo","BrukerLogg","dbo.BrukerLogg","31746","","False",
"dbo","BrukerMineSøk","dbo.BrukerMineSøk","813","","False",
"dbo","BrukerRoller","dbo.BrukerRoller","43","","False",
"dbo","BS_Anlegg","dbo.BS_Anlegg","0","","True",
"dbo","BS_Avvik","dbo.BS_Avvik","0","","True",
"dbo","BS_AvvikGrad","dbo.BS_AvvikGrad","0","","True",
"dbo","BS_AvvikType","dbo.BS_AvvikType","0","","True",
"dbo","BS_Brannklasse","dbo.BS_Brannklasse","0","","True",
"dbo","BS_Bruker","dbo.BS_Bruker","0","","True",
"dbo","BS_Bygning","dbo.BS_Bygning","0","","True",
"dbo","BS_Bygningstatuskode","dbo.BS_Bygningstatuskode","0","","True",
"dbo","BS_Etasje","dbo.BS_Etasje","0","","True",
"dbo","BS_FarligGods","dbo.BS_FarligGods","0","","True",
"dbo","BS_FarligGodsType","dbo.BS_FarligGodsType","0","","True",
"dbo","BS_Frekvens","dbo.BS_Frekvens","0","","True",
"dbo","BS_Gruppe","dbo.BS_Gruppe","0","","True",
"dbo","BS_Innstillinger","dbo.BS_Innstillinger","1","","False",
"dbo","BS_Konstruksjon","dbo.BS_Konstruksjon","0","","True",
"dbo","BS_KonstruksjonType","dbo.BS_KonstruksjonType","0","","True",
"dbo","BS_Lovtekst","dbo.BS_Lovtekst","0","","True",
"dbo","BS_Objekt","dbo.BS_Objekt","0","","True",
"dbo","BS_ObjektGeometry","dbo.BS_ObjektGeometry","0","","True",
"dbo","BS_ObjektPerson","dbo.BS_ObjektPerson","0","","True",
"dbo","BS_Oppgave","dbo.BS_Oppgave","0","","True",
"dbo","BS_Ordre","dbo.BS_Ordre","0","","True",
"dbo","BS_PersonFunksjon","dbo.BS_PersonFunksjon","0","","True",
"dbo","BS_Risikoklasse","dbo.BS_Risikoklasse","0","","True",
"dbo","BS_Skiller","dbo.BS_Skiller","0","","True",
"dbo","BS_SkillerType","dbo.BS_SkillerType","0","","True",
"dbo","BS_Tilknytning","dbo.BS_Tilknytning","0","","True",
"dbo","BS_Type","dbo.BS_Type","0","","True",
"dbo","BS_TypeAnlegg","dbo.BS_TypeAnlegg","0","","True",
"dbo","BS_TypeGruppe","dbo.BS_TypeGruppe","0","","True",
"dbo","BYGNINGSGEOMETRI","dbo.BYGNINGSGEOMETRI","88031","","False",
"dbo","BygningsType","dbo.BygningsType","164","","False",
"dbo","CubitInnfil","dbo.CubitInnfil","0","","True",
"dbo","Dager","dbo.Dager","7","","False",
"dbo","DbModus","dbo.DbModus","0","","True",
"dbo","DbVersjon","dbo.DbVersjon","1","","False",
"dbo","DigitaleDokumenter","dbo.DigitaleDokumenter","0","","True",
"dbo","Dimensjoner","dbo.Dimensjoner","0","","True",
"dbo","Direktemelding","dbo.Direktemelding","1078","","False",
"dbo","Eiendom","dbo.Eiendom","110096","","False",
"dbo","EiendomGeometry","dbo.EiendomGeometry","99938","","False",
"dbo","EiendomLogg","dbo.EiendomLogg","31748","","False",
"dbo","EiendomsForhold","dbo.EiendomsForhold","1","","False",
"dbo","EiendomsType","dbo.EiendomsType","3","","False",
"dbo","EnhetsType","dbo.EnhetsType","4","","False",
"dbo","Eskatt_Arbeidsliste","dbo.Eskatt_Arbeidsliste","0","","True",
"dbo","Eskatt_Arbeidslistetype","dbo.Eskatt_Arbeidslistetype","5","","False",
"dbo","Eskatt_Arsak","dbo.Eskatt_Arsak","0","","True",
"dbo","Eskatt_Bilder","dbo.Eskatt_Bilder","0","","True",
"dbo","Eskatt_Boenhet","dbo.Eskatt_Boenhet","0","","True",
"dbo","Eskatt_BoenhetType","dbo.Eskatt_BoenhetType","3","","False",
"dbo","Eskatt_BrukAvGrunn","dbo.Eskatt_BrukAvGrunn","0","","True",
"dbo","Eskatt_Bygningstatuskoder","dbo.Eskatt_Bygningstatuskoder","12","","False",
"dbo","Eskatt_Eiendomsskatteliste","dbo.Eskatt_Eiendomsskatteliste","0","","True",
"dbo","Eskatt_Etasjefaktor","dbo.Eskatt_Etasjefaktor","0","","True",
"dbo","Eskatt_Etasjenummerfaktor","dbo.Eskatt_Etasjenummerfaktor","0","","True",
"dbo","Eskatt_Etasjetyper","dbo.Eskatt_Etasjetyper","5","","False",
"dbo","Eskatt_Formuesgrunnlag","dbo.Eskatt_Formuesgrunnlag","0","","True",
"dbo","Eskatt_Formuesgrunnlag_Bygningsnummer","dbo.Eskatt_Formuesgrunnlag_Bygningsnummer","0","","True",
"dbo","Eskatt_Formuesgrunnlag_Filkilde","dbo.Eskatt_Formuesgrunnlag_Filkilde","2","","False",
"dbo","Eskatt_Formuesgrunnlag_Knr","dbo.Eskatt_Formuesgrunnlag_Knr","0","","True",
"dbo","Eskatt_Formuesgrunnlag_Linjer","dbo.Eskatt_Formuesgrunnlag_Linjer","0","","True",
"dbo","Eskatt_Formuesgrunnlag_Status","dbo.Eskatt_Formuesgrunnlag_Status","25","","False",
"dbo","Eskatt_Formusegrunnlag_Behandlingsstatus","dbo.Eskatt_Formusegrunnlag_Behandlingsstatus","3","","False",
"dbo","Eskatt_Forsendelse","dbo.Eskatt_Forsendelse","0","","True",
"dbo","Eskatt_ForsendelseDokumenter","dbo.Eskatt_ForsendelseDokumenter","0","","True",
"dbo","Eskatt_ForsendelseDokumentType","dbo.Eskatt_ForsendelseDokumentType","3","","False",
"dbo","Eskatt_ForsendelseKnr","dbo.Eskatt_ForsendelseKnr","0","","True",
"dbo","Eskatt_ForsendelseMottakere","dbo.Eskatt_ForsendelseMottakere","0","","True",
"dbo","Eskatt_ForsendelseMottakereLeveringsmetode","dbo.Eskatt_ForsendelseMottakereLeveringsmetode","3","","False",
"dbo","Eskatt_ForsendelseStatus","dbo.Eskatt_ForsendelseStatus","2","","False",
"dbo","Eskatt_Fraseliste","dbo.Eskatt_Fraseliste","0","","True",
"dbo","Eskatt_FraselisteType","dbo.Eskatt_FraselisteType","2","","False",
"dbo","Eskatt_Fritak","dbo.Eskatt_Fritak","14","","False",
"dbo","Eskatt_GebyrKnr","dbo.Eskatt_GebyrKnr","0","","True",
"dbo","Eskatt_Import_Formuesgrunnlag","dbo.Eskatt_Import_Formuesgrunnlag","0","","True",
"dbo","Eskatt_Import_Formuesgrunnlag_Detalj","dbo.Eskatt_Import_Formuesgrunnlag_Detalj","0","","True",
"dbo","Eskatt_Kategori","dbo.Eskatt_Kategori","7","","False",
"dbo","Eskatt_Klage","dbo.Eskatt_Klage","0","","True",
"dbo","Eskatt_Klage_BehandlesAv","dbo.Eskatt_Klage_BehandlesAv","0","","True",
"dbo","Eskatt_Klage_Liste","dbo.Eskatt_Klage_Liste","0","","True",
"dbo","Eskatt_Klage_Logg","dbo.Eskatt_Klage_Logg","0","","True",
"dbo","Eskatt_Klage_Opphav","dbo.Eskatt_Klage_Opphav","0","","True",
"dbo","Eskatt_Klage_Status","dbo.Eskatt_Klage_Status","0","","True",
"dbo","Eskatt_Klage_Takstskjema","dbo.Eskatt_Klage_Takstskjema","0","","True",
"dbo","Eskatt_Klage_Type","dbo.Eskatt_Klage_Type","0","","True",
"dbo","Eskatt_Klage_Type_Klagetype","dbo.Eskatt_Klage_Type_Klagetype","3","","False",
"dbo","Eskatt_Klage_VedtakStatus","dbo.Eskatt_Klage_VedtakStatus","0","","True",
"dbo","Eskatt_Korreksjoner","dbo.Eskatt_Korreksjoner","0","","True",
"dbo","Eskatt_Oppgave","dbo.Eskatt_Oppgave","0","","True",
"dbo","Eskatt_Oppgavekategori","dbo.Eskatt_Oppgavekategori","0","","True",
"dbo","Eskatt_Oppgaveprioritet","dbo.Eskatt_Oppgaveprioritet","0","","True",
"dbo","Eskatt_Oppgavestatus","dbo.Eskatt_Oppgavestatus","0","","True",
"dbo","Eskatt_Oppgavetype","dbo.Eskatt_Oppgavetype","0","","True",
"dbo","Eskatt_Postkasse","dbo.Eskatt_Postkasse","0","","True",
"dbo","Eskatt_Rapport","dbo.Eskatt_Rapport","0","","True",
"dbo","Eskatt_Rapporttype","dbo.Eskatt_Rapporttype","4","","False",
"dbo","Eskatt_Sak","dbo.Eskatt_Sak","0","","True",
"dbo","Eskatt_Sakstype","dbo.Eskatt_Sakstype","0","","True",
"dbo","Eskatt_Satser","dbo.Eskatt_Satser","8","","False",
"dbo","Eskatt_Skatteliste","dbo.Eskatt_Skatteliste","0","","True",
"dbo","Eskatt_Skatteseddelliste","dbo.Eskatt_Skatteseddelliste","0","","True",
"dbo","Eskatt_Skatteseddelliste_Arlig","dbo.Eskatt_Skatteseddelliste_Arlig","0","","True",
"dbo","Eskatt_Skatteseddelliste_Arlig_Avtale","dbo.Eskatt_Skatteseddelliste_Arlig_Avtale","0","","True",
"dbo","Eskatt_Takseringsfirma","dbo.Eskatt_Takseringsfirma","0","","True",
"dbo","Eskatt_Takstenhet","dbo.Eskatt_Takstenhet","0","","True",
"dbo","Eskatt_Takstenhet_Taksttype","dbo.Eskatt_Takstenhet_Taksttype","0","","True",
"dbo","Eskatt_Takstenhet_Taksttype_AarligUtregning","dbo.Eskatt_Takstenhet_Taksttype_AarligUtregning","0","","True",
"dbo","Eskatt_TakstenhetType","dbo.Eskatt_TakstenhetType","6","","False",
"dbo","ESkatt_TakstenhetUtregning","dbo.ESkatt_TakstenhetUtregning","0","","True",
"dbo","Eskatt_TakstgruppeBygningstype","dbo.Eskatt_TakstgruppeBygningstype","0","","True",
"dbo","Eskatt_Takstgrupper","dbo.Eskatt_Takstgrupper","0","","True",
"dbo","Eskatt_TakstKnr","dbo.Eskatt_TakstKnr","0","","True",
"dbo","Eskatt_Takstmann","dbo.Eskatt_Takstmann","0","","True",
"dbo","Eskatt_Takstobjekt","dbo.Eskatt_Takstobjekt","0","","True",
"dbo","Eskatt_TakstobjektArealType","dbo.Eskatt_TakstobjektArealType","7","","False",
"dbo","Eskatt_TakstobjektType","dbo.Eskatt_TakstobjektType","4","","False",
"dbo","Eskatt_Takstskjema","dbo.Eskatt_Takstskjema","0","","True",
"dbo","Eskatt_Takstskjema_BefaringKontaktetType","dbo.Eskatt_Takstskjema_BefaringKontaktetType","3","","False",
"dbo","Eskatt_Takstskjema_Taksttype","dbo.Eskatt_Takstskjema_Taksttype","0","","True",
"dbo","Eskatt_Takstskjema_Taksttype_AarligUtregning","dbo.Eskatt_Takstskjema_Taksttype_AarligUtregning","0","","True",
"dbo","Eskatt_TakstskjemaArbeidslisteLogg","dbo.Eskatt_TakstskjemaArbeidslisteLogg","0","","True",
"dbo","Eskatt_TakstskjemaLogg","dbo.Eskatt_TakstskjemaLogg","0","","True",
"dbo","Eskatt_TakstskjemaTakstmannLogg","dbo.Eskatt_TakstskjemaTakstmannLogg","0","","True",
"dbo","ESkatt_TakstskjemaUtregning","dbo.ESkatt_TakstskjemaUtregning","0","","True",
"dbo","Eskatt_Takststatus","dbo.Eskatt_Takststatus","14","","False",
"dbo","Eskatt_Takststatustype","dbo.Eskatt_Takststatustype","5","","False",
"dbo","Eskatt_Taksttype","dbo.Eskatt_Taksttype","4","","False",
"dbo","Eskatt_Taksttype_AppGruppe","dbo.Eskatt_Taksttype_AppGruppe","3","","False",
"dbo","Eskatt_Tmp_Bygning","dbo.Eskatt_Tmp_Bygning","0","","True",
"dbo","Eskatt_Tmp_Etasje_Boenhet","dbo.Eskatt_Tmp_Etasje_Boenhet","0","","True",
"dbo","ESkatt_Tmp_Matrikkelenhet","dbo.ESkatt_Tmp_Matrikkelenhet","0","","True",
"dbo","fadi_avtaler_med_fiktiv_terminliste","dbo.fadi_avtaler_med_fiktiv_terminliste","63","","False",
"dbo","fadi_delete_backup","dbo.fadi_delete_backup","12499","","False",
"dbo","Faktura","dbo.Faktura","1661190","","False",
"dbo","FakturaAvtaletype","dbo.FakturaAvtaletype","508142","","False",
"dbo","Fakturablankett","dbo.Fakturablankett","6","","False",
"dbo","FakturablankettType","dbo.FakturablankettType","4","","False",
"dbo","FakturadistribusjonKvittering","dbo.FakturadistribusjonKvittering","7724","","False",
"dbo","FakturadistribusjonKvitteringFaktura","dbo.FakturadistribusjonKvitteringFaktura","747540","","False",
"dbo","FakturadistribusjonKvitteringLog","dbo.FakturadistribusjonKvitteringLog","747614","","False",
"dbo","FakturaEiendom","dbo.FakturaEiendom","1645139","","False",
"dbo","Fakturagruppe","dbo.Fakturagruppe","12","","False",
"dbo","FakturaKnr","dbo.FakturaKnr","27546","","False",
"dbo","FakturaKunde","dbo.FakturaKunde","16050","","False",
"dbo","Fakturalinjer","dbo.Fakturalinjer","4026708","","False",
"dbo","Fakturamelding","dbo.Fakturamelding","1","","False",
"dbo","FakturameldingAlle","dbo.FakturameldingAlle","0","","True",
"dbo","FakturameldingTekstEndring","dbo.FakturameldingTekstEndring","0","","True",
"dbo","FakturameldingTekstGrunnlag","dbo.FakturameldingTekstGrunnlag","0","","True",
"dbo","FakturameldingTekstHenvisning","dbo.FakturameldingTekstHenvisning","0","","True",
"dbo","FakturaStatus","dbo.FakturaStatus","3","","False",
"dbo","Fakturatype","dbo.Fakturatype","3","","False",
"dbo","FakturaURL","dbo.FakturaURL","0","","True",
"dbo","FakturaVare","dbo.FakturaVare","72292794","","False",
"dbo","FakturaVaregruppe","dbo.FakturaVaregruppe","220613","","False",
"dbo","FakturaVaretype","dbo.FakturaVaretype","448322","","False",
"dbo","FaktureringsMetode","dbo.FaktureringsMetode","7","","False",
"dbo","Fargepalett","dbo.Fargepalett","96","","False",
"dbo","FE_TransportørPris","dbo.FE_TransportørPris","578964","","False",
"dbo","FE_TransportørPris_202301","dbo.FE_TransportørPris_202301","578964","","False",
"dbo","FE_TransportørPrisAvvik","dbo.FE_TransportørPrisAvvik","11","","False",
"dbo","FE_TransportørPrisServiceavtale","dbo.FE_TransportørPrisServiceavtale","0","","True",
"dbo","FE_TransportørPrisServiceavtale_202301","dbo.FE_TransportørPrisServiceavtale_202301","0","","True",
"dbo","FireAtten_Procasso_Eiendom","dbo.FireAtten_Procasso_Eiendom","0","","True",
"dbo","FireAtten_Procasso_Garantist","dbo.FireAtten_Procasso_Garantist","0","","True",
"dbo","FireAtten_Procasso_Output","dbo.FireAtten_Procasso_Output","0","","True",
"dbo","FireAtten_Procasso_Sak","dbo.FireAtten_Procasso_Sak","0","","True",
"dbo","FireAtten_Procasso_Transaksjon","dbo.FireAtten_Procasso_Transaksjon","0","","True",
"dbo","FT_Anlegg","dbo.FT_Anlegg","0","","True",
"dbo","FT_Arbeidsgruppe","dbo.FT_Arbeidsgruppe","0","","True",
"dbo","FT_Avtale","dbo.FT_Avtale","1","","False",
"dbo","FT_Avvik","dbo.FT_Avvik","4","","False",
"dbo","FT_Avvik_Bilder","dbo.FT_Avvik_Bilder","0","","True",
"dbo","FT_AvvikGrad","dbo.FT_AvvikGrad","1","","False",
"dbo","FT_AvvikKategori","dbo.FT_AvvikKategori","0","","True",
"dbo","FT_Avvikskrav","dbo.FT_Avvikskrav","0","","True",
"dbo","FT_AvvikType","dbo.FT_AvvikType","0","","True",
"dbo","FT_Brannsikring","dbo.FT_Brannsikring","0","","True",
"dbo","FT_BrannsikringType","dbo.FT_BrannsikringType","0","","True",
"dbo","FT_Brenseltype","dbo.FT_Brenseltype","0","","True",
"dbo","FT_Bruker","dbo.FT_Bruker","0","","True",
"dbo","FT_BrukerLogg","dbo.FT_BrukerLogg","31718","","False",
"dbo","FT_Bydel","dbo.FT_Bydel","0","","True",
"dbo","FT_Dimensjon","dbo.FT_Dimensjon","0","","True",
"dbo","FT_Distrikt","dbo.FT_Distrikt","0","","True",
"dbo","FT_Etasje","dbo.FT_Etasje","0","","True",
"dbo","FT_Etasjetype","dbo.FT_Etasjetype","0","","True",
"dbo","FT_FabrikatIldsted","dbo.FT_FabrikatIldsted","0","","True",
"dbo","FT_FeiesFra","dbo.FT_FeiesFra","0","","True",
"dbo","FT_Frekvens","dbo.FT_Frekvens","0","","True",
"dbo","FT_Gruppe","dbo.FT_Gruppe","0","","True",
"dbo","FT_Ildsted","dbo.FT_Ildsted","0","","True",
"dbo","FT_Ildsted_Fyringsforbud","dbo.FT_Ildsted_Fyringsforbud","0","","True",
"dbo","FT_Leilighet","dbo.FT_Leilighet","0","","True",
"dbo","FT_LeilighetKoblingSkorstein","dbo.FT_LeilighetKoblingSkorstein","0","","True",
"dbo","FT_LeilighetLogg","dbo.FT_LeilighetLogg","31718","","False",
"dbo","FT_Lovtekst","dbo.FT_Lovtekst","0","","True",
"dbo","FT_Måneder","dbo.FT_Måneder","0","","True",
"dbo","FT_Objekt","dbo.FT_Objekt","0","","True",
"dbo","FT_Ordre","dbo.FT_Ordre","0","","True",
"dbo","FT_Ordrelinje","dbo.FT_Ordrelinje","0","","True",
"dbo","FT_Ordretype","dbo.FT_Ordretype","2","","False",
"dbo","FT_PlasseringIldsted","dbo.FT_PlasseringIldsted","0","","True",
"dbo","FT_Rute","dbo.FT_Rute","0","","True",
"dbo","FT_Skorstein","dbo.FT_Skorstein","0","","True",
"dbo","FT_Skorstein_Fyringsforbud","dbo.FT_Skorstein_Fyringsforbud","0","","True",
"dbo","FT_Skorstein_Leilighet","dbo.FT_Skorstein_Leilighet","0","","True",
"dbo","FT_Skorstein_Rehab","dbo.FT_Skorstein_Rehab","0","","True",
"dbo","FT_Skorstein_Rehab_Kode","dbo.FT_Skorstein_Rehab_Kode","45","","False",
"dbo","FT_Skorstein_Rehab_Kode_Type","dbo.FT_Skorstein_Rehab_Kode_Type","1","","False",
"dbo","FT_Skorstein_SkorsteinBrann","dbo.FT_Skorstein_SkorsteinBrann","0","","True",
"dbo","FT_SkorsteinGeometry","dbo.FT_SkorsteinGeometry","0","","True",
"dbo","FT_SkorsteinLogg","dbo.FT_SkorsteinLogg","31718","","False",
"dbo","FT_SlettetTekst","dbo.FT_SlettetTekst","1","","False",
"dbo","FT_Sotmengde","dbo.FT_Sotmengde","0","","True",
"dbo","FT_Statistikk","dbo.FT_Statistikk","0","","True",
"dbo","FT_StatusTekst","dbo.FT_StatusTekst","0","","True",
"dbo","FT_Temp_Sekvensnr","dbo.FT_Temp_Sekvensnr","0","","True",
"dbo","FT_Tilsynsgruppe","dbo.FT_Tilsynsgruppe","0","","True",
"dbo","FT_TypeAnlegg","dbo.FT_TypeAnlegg","0","","True",
"dbo","FT_TypeAnleggKategori","dbo.FT_TypeAnleggKategori","3","","False",
"dbo","FT_TypeIldsted","dbo.FT_TypeIldsted","0","","True",
"dbo","FT_TypeKontroll","dbo.FT_TypeKontroll","0","","True",
"dbo","FT_TypeSkorstein","dbo.FT_TypeSkorstein","0","","True",
"dbo","FT_TypeTilbakemelding","dbo.FT_TypeTilbakemelding","0","","True",
"dbo","FT_Utsatt_Gruppe","dbo.FT_Utsatt_Gruppe","0","","True",
"dbo","FT_Utsatt_Seksjon","dbo.FT_Utsatt_Seksjon","0","","True",
"dbo","FT_Utsatt_Tiltak","dbo.FT_Utsatt_Tiltak","0","","True",
"dbo","FT_Utsatt_UtsatteGrupper","dbo.FT_Utsatt_UtsatteGrupper","0","","True",
"dbo","FT_UttakAvSot","dbo.FT_UttakAvSot","0","","True",
"dbo","Gate","dbo.Gate","4736","","False",
"dbo","GatePostnummer","dbo.GatePostnummer","94629","","False",
"dbo","GMapNETcache","dbo.GMapNETcache","505610","","False",
"dbo","HIS_Ordre","dbo.HIS_Ordre","0","","True",
"dbo","HIS_Ordrelinjer","dbo.HIS_Ordrelinjer","0","","True",
"dbo","HIS_OrdrelinjerDetalj","dbo.HIS_OrdrelinjerDetalj","0","","True",
"dbo","Ikon","dbo.Ikon","2116","","False",
"dbo","Import_ScaleIT","dbo.Import_ScaleIT","0","","True",
"dbo","Import_Visma_Grunnlag","dbo.Import_Visma_Grunnlag","0","","True",
"dbo","InnstillingOppdragsgiver","dbo.InnstillingOppdragsgiver","631","","False",
"dbo","InnstillingSystem","dbo.InnstillingSystem","1051","","False",
"dbo","Interim","dbo.Interim","3533","","False",
"dbo","InterimOverfortFraType","dbo.InterimOverfortFraType","3","","False",
"dbo","InterimOverforTilType","dbo.InterimOverforTilType","4","","False",
"dbo","Interimtype","dbo.Interimtype","2","","False",
"dbo","Internkunde","dbo.Internkunde","0","","True",
"dbo","Internkunderessurs","dbo.Internkunderessurs","0","","True",
"dbo","Kart_ClusterOmrade","dbo.Kart_ClusterOmrade","0","","True",
"dbo","Kart_ClusterOmrade_Eiendom","dbo.Kart_ClusterOmrade_Eiendom","0","","True",
"dbo","Kart_ClusterOmradeEiendomCount","dbo.Kart_ClusterOmradeEiendomCount","0","","True",
"dbo","Kart_ClusterOmradeType","dbo.Kart_ClusterOmradeType","0","","True",
"dbo","Kart_ClusterOmradeType_ZoomNiva","dbo.Kart_ClusterOmradeType_ZoomNiva","0","","True",
"dbo","Kart_Kartlag","dbo.Kart_Kartlag","37","","False",
"dbo","Kart_KartlagBrukerInnstilling","dbo.Kart_KartlagBrukerInnstilling","0","","True",
"dbo","Kart_KartlagModulBrukerInnstilling","dbo.Kart_KartlagModulBrukerInnstilling","0","","True",
"dbo","Kart_Symbol","dbo.Kart_Symbol","6","","False",
"dbo","Kart_Tegnforklaring","dbo.Kart_Tegnforklaring","10","","False",
"dbo","KobGrpFE","dbo.KobGrpFE","0","","True",
"dbo","KobGrpRE","dbo.KobGrpRE","0","","True",
"dbo","KobGrpSL","dbo.KobGrpSL","0","","True",
"dbo","KobGrpVA","dbo.KobGrpVA","0","","True",
"dbo","Kommune","dbo.Kommune","20","","False",
"dbo","Konteringsregler","dbo.Konteringsregler","1","","False",
"dbo","Kontoart","dbo.Kontoart","3","","False",
"dbo","Kontoplan","dbo.Kontoplan","74","","False",
"dbo","Kontortransaksjonstype","dbo.Kontortransaksjonstype","3","","False",
"dbo","Kontotype","dbo.Kontotype","2","","False",
"dbo","korr_remidt_fadi","dbo.korr_remidt_fadi","12499","","False",
"dbo","korr_remidt_fadi_2","dbo.korr_remidt_fadi_2","12499","","False",
"dbo","Kunde","dbo.Kunde","698","","False",
"dbo","Kunde_old","dbo.Kunde_old","0","","True",
"dbo","KundeKontakt","dbo.KundeKontakt","0","","True",
"dbo","KundeKontaktAvdeling","dbo.KundeKontaktAvdeling","0","","True",
"dbo","KundeKontaktStatus","dbo.KundeKontaktStatus","4","","False",
"dbo","KundeKontaktType","dbo.KundeKontaktType","6","","False",
"dbo","KundeNaringskode","dbo.KundeNaringskode","0","","True",
"dbo","KundeStatus","dbo.KundeStatus","4","","False",
"dbo","Land","dbo.Land","249","","False",
"dbo","LasteTransaksjoner","dbo.LasteTransaksjoner","44529","","False",
"dbo","Ledetekst","dbo.Ledetekst","19","","False",
"dbo","Log_Bevegelsestype","dbo.Log_Bevegelsestype","0","","True",
"dbo","Log_Enhet","dbo.Log_Enhet","7","","False",
"dbo","Log_Innkjopsgruppe","dbo.Log_Innkjopsgruppe","0","","True",
"dbo","Log_Innkjopsorg","dbo.Log_Innkjopsorg","0","","True",
"dbo","Log_Koblingstype","dbo.Log_Koblingstype","1","","False",
"dbo","Log_Lager","dbo.Log_Lager","0","","True",
"dbo","Log_Lokasjon","dbo.Log_Lokasjon","0","","True",
"dbo","Log_Material","dbo.Log_Material","0","","True",
"dbo","Log_MaterialBatch","dbo.Log_MaterialBatch","0","","True",
"dbo","Log_Materialdokument","dbo.Log_Materialdokument","0","","True",
"dbo","Log_Materialdokumentlinjer","dbo.Log_Materialdokumentlinjer","0","","True",
"dbo","Log_MaterialEnheter","dbo.Log_MaterialEnheter","0","","True",
"dbo","Log_MaterialLager","dbo.Log_MaterialLager","0","","True",
"dbo","Log_MaterialLagerBatch","dbo.Log_MaterialLagerBatch","0","","True",
"dbo","Log_MaterialLokasjon","dbo.Log_MaterialLokasjon","0","","True",
"dbo","Log_MaterialMRP","dbo.Log_MaterialMRP","0","","True",
"dbo","Log_Materialnavn","dbo.Log_Materialnavn","0","","True",
"dbo","Log_MaterialSelskap","dbo.Log_MaterialSelskap","0","","True",
"dbo","Log_MaterialType","dbo.Log_MaterialType","0","","True",
"dbo","Log_MRPOmrade","dbo.Log_MRPOmrade","0","","True",
"dbo","Log_MRPType","dbo.Log_MRPType","0","","True",
"dbo","Log_Ordre","dbo.Log_Ordre","0","","True",
"dbo","Log_Ordrelinjer","dbo.Log_Ordrelinjer","0","","True",
"dbo","Log_Ordretype","dbo.Log_Ordretype","0","","True",
"dbo","Log_Referanse","dbo.Log_Referanse","0","","True",
"dbo","Log_RefGruppe","dbo.Log_RefGruppe","0","","True",
"dbo","Log_Selskap","dbo.Log_Selskap","0","","True",
"dbo","Log_SerienummerProfil","dbo.Log_SerienummerProfil","0","","True",
"dbo","Log_Sprak","dbo.Log_Sprak","1","","False",
"dbo","Log_Stykkliste","dbo.Log_Stykkliste","0","","True",
"dbo","Log_Stykklistelinjer","dbo.Log_Stykklistelinjer","0","","True",
"dbo","Log_Tilstandstype","dbo.Log_Tilstandstype","0","","True",
"dbo","Log_Utstyr","dbo.Log_Utstyr","0","","True",
"dbo","LoggDrift","dbo.LoggDrift","649243","","False",
"dbo","LoggTabeller","dbo.LoggTabeller","12","","False",
"dbo","LoggWebService","dbo.LoggWebService","0","","True",
"dbo","ManglendeEiedommer","dbo.ManglendeEiedommer","0","","True",
"dbo","mapVareEnhet","dbo.mapVareEnhet","24","","False",
"dbo","MatrikkelOppdateringType","dbo.MatrikkelOppdateringType","3","","False",
"dbo","MeglerOppslag","dbo.MeglerOppslag","0","","True",
"dbo","MeglerOppslagKnr","dbo.MeglerOppslagKnr","0","","True",
"dbo","MeglerOppslagKunde","dbo.MeglerOppslagKunde","0","","True",
"dbo","Melding","dbo.Melding","2864951","","False",
"dbo","Melding_202301","dbo.Melding_202301","1592755","","False",
"dbo","MeldingAvtale","dbo.MeldingAvtale","3342338","","False",
"dbo","Meldinger","dbo.Meldinger","0","","True",
"dbo","MeldingerDrift","dbo.MeldingerDrift","0","","True",
"dbo","MeldingKategori","dbo.MeldingKategori","19","","False",
"dbo","MeldingKategori_202301","dbo.MeldingKategori_202301","19","","False",
"dbo","MeldingKoblingType","dbo.MeldingKoblingType","1","","False",
"dbo","MeldingOpphav","dbo.MeldingOpphav","6","","False",
"dbo","MeldingOpphav_202301","dbo.MeldingOpphav_202301","6","","False",
"dbo","MeldingStatus","dbo.MeldingStatus","7","","False",
"dbo","MeldingTekst","dbo.MeldingTekst","2864193","","False",
"dbo","MeldingType","dbo.MeldingType","137","","False",
"dbo","MeldingType_202301","dbo.MeldingType_202301","130","","False",
"dbo","Merknad","dbo.Merknad","239554","","False",
"dbo","Merknadstype","dbo.Merknadstype","114","","False",
"dbo","MerknadstypeKodeType","dbo.MerknadstypeKodeType","11","","False",
"dbo","Modul","dbo.Modul","52","","False",
"dbo","Naringskode","dbo.Naringskode","1811","","False",
"dbo","NumeriskSerie","dbo.NumeriskSerie","72","","False",
"dbo","Objekt","dbo.Objekt","1627","","False",
"dbo","ObjektEgenskaper","dbo.ObjektEgenskaper","8642","","False",
"dbo","ObjektEgenskaperManuelle","dbo.ObjektEgenskaperManuelle","3","","False",
"dbo","ObjektTyper","dbo.ObjektTyper","9","","False",
"dbo","OCRForsendelse","dbo.OCRForsendelse","6125","","False",
"dbo","OCROppdrag","dbo.OCROppdrag","6120","","False",
"dbo","OCROppdragAvtalegiro","dbo.OCROppdragAvtalegiro","1807","","False",
"dbo","OCRTransaksjon","dbo.OCRTransaksjon","2063724","","False",
"dbo","ocrtransaksjon_fadi","dbo.ocrtransaksjon_fadi","1654187","","False",
"dbo","OCRTransaksjonAvtalegiro","dbo.OCRTransaksjonAvtalegiro","29712","","False",
"dbo","OCRTransaksjonstype","dbo.OCRTransaksjonstype","9","","False",
"dbo","Old_Kart_Kartlag","dbo.Old_Kart_Kartlag","20","","False",
"dbo","Område","dbo.Område","9","","False",
"dbo","Oppdragsgiver","dbo.Oppdragsgiver","2","","False",
"dbo","Ordre","dbo.Ordre","407955","","False",
"dbo","Ordre_202301","dbo.Ordre_202301","305210","","False",
"dbo","OrdreGebyrDato","dbo.OrdreGebyrDato","3","","False",
"dbo","Ordregruppe","dbo.Ordregruppe","8","","False",
"dbo","OrdreKategori","dbo.OrdreKategori","7","","False",
"dbo","OrdreKategoriTypeKobling","dbo.OrdreKategoriTypeKobling","0","","True",
"dbo","Ordrelinjer","dbo.Ordrelinjer","21017624","","False",
"dbo","Ordrelinjer_Bilder","dbo.Ordrelinjer_Bilder","26435","","False",
"dbo","OrdrelinjerBilder","dbo.OrdrelinjerBilder","451992","","False",
"dbo","Ordretype","dbo.Ordretype","25","","False",
"dbo","Organisasjonsform","dbo.Organisasjonsform","43","","False",
"dbo","OverfortAndreSystemer","dbo.OverfortAndreSystemer","342","","False",
"dbo","OverfortAndreSystemerOverfortTil","dbo.OverfortAndreSystemerOverfortTil","3","","False",
"dbo","OverfortAndreSystemerStatus","dbo.OverfortAndreSystemerStatus","4","","False",
"dbo","PDADataknapp","dbo.PDADataknapp","0","","True",
"dbo","PDAProfil","dbo.PDAProfil","4","","False",
"dbo","Periode","dbo.Periode","229","","False",
"dbo","Person","dbo.Person","82341","","False",
"dbo","PersonEfaktura","dbo.PersonEfaktura","0","","True",
"dbo","PersonLogg","dbo.PersonLogg","31746","","False",
"dbo","PersonNaringskode","dbo.PersonNaringskode","0","","True",
"dbo","PersonType","dbo.PersonType","3","","False",
"dbo","PlanlagtAutomatiskOppgave","dbo.PlanlagtAutomatiskOppgave","0","","True",
"dbo","Posteringslister","dbo.Posteringslister","9","","False",
"dbo","Postkasse","dbo.Postkasse","6284","","False",
"dbo","Postnummer","dbo.Postnummer","5122","","False",
"dbo","ProfilType","dbo.ProfilType","1","","False",
"dbo","Purring","dbo.Purring","2","","False",
"dbo","Purringer","dbo.Purringer","72644","","False",
"dbo","PurringerKnr","dbo.PurringerKnr","618","","False",
"dbo","Rabatt","dbo.Rabatt","0","","True",
"dbo","Rapport","dbo.Rapport","495","","False",
"dbo","RapportDobleRapporterFjernet","dbo.RapportDobleRapporterFjernet","3","","False",
"dbo","RapportSQL","dbo.RapportSQL","42","","False",
"dbo","RapportSQL_Kriterier","dbo.RapportSQL_Kriterier","2","","False",
"dbo","RapportSQL_Kriterier_Felttype","dbo.RapportSQL_Kriterier_Felttype","27","","False",
"dbo","Regneregel","dbo.Regneregel","9","","False",
"dbo","RegnskapsbilagsNr","dbo.RegnskapsbilagsNr","999","","False",
"dbo","RegnskapsbilagsNr_Hovedbok_Agresso","dbo.RegnskapsbilagsNr_Hovedbok_Agresso","0","","True",
"dbo","RegnskapsbilagsNr_Hovedbok_VismaBus","dbo.RegnskapsbilagsNr_Hovedbok_VismaBus","48512","","False",
"dbo","RegnskapsbilagsNr_Hovedbok_VismaEnt","dbo.RegnskapsbilagsNr_Hovedbok_VismaEnt","0","","True",
"dbo","RegnskapsbilagsNr_Hovedbok_XLedger","dbo.RegnskapsbilagsNr_Hovedbok_XLedger","0","","True",
"dbo","RemiteringAvtale","dbo.RemiteringAvtale","1846","","False",
"dbo","RemiteringFaktura","dbo.RemiteringFaktura","2101","","False",
"dbo","RemiteringForsendelse","dbo.RemiteringForsendelse","660","","False",
"dbo","RemiteringKnr","dbo.RemiteringKnr","888","","False",
"dbo","RemiteringOppdrag","dbo.RemiteringOppdrag","660","","False",
"dbo","RemiteringTransaksjon","dbo.RemiteringTransaksjon","1847","","False",
"dbo","REN_Aggregeringskode","dbo.REN_Aggregeringskode","15","","False",
"dbo","REN_AvtaleStandplass","dbo.REN_AvtaleStandplass","64436","","False",
"dbo","REN_Avvikstype","dbo.REN_Avvikstype","0","","True",
"dbo","REN_Biler","dbo.REN_Biler","26","","False",
"dbo","REN_Biltype","dbo.REN_Biltype","1","","False",
"dbo","REN_BrikkeImport","dbo.REN_BrikkeImport","0","","True",
"dbo","REN_Brikker","dbo.REN_Brikker","0","","True",
"dbo","REN_BrikkerAvtale","dbo.REN_BrikkerAvtale","0","","True",
"dbo","REN_Enheter","dbo.REN_Enheter","370813","","False",
"dbo","REN_EnheterGeometry","dbo.REN_EnheterGeometry","0","","True",
"dbo","REN_EnheterTømmerute","dbo.REN_EnheterTømmerute","559698","","False",
"dbo","REN_EnhetStatus","dbo.REN_EnhetStatus","1","","False",
"dbo","REN_Fakturagrunnlag","dbo.REN_Fakturagrunnlag","0","","True",
"dbo","REN_FG_Resultat","dbo.REN_FG_Resultat","226473","","False",
"dbo","REN_FG_Resultat_V6","dbo.REN_FG_Resultat_V6","0","","True",
"dbo","REN_Fraksjon","dbo.REN_Fraksjon","324","","False",
"dbo","REN_Fraksjon_202301","dbo.REN_Fraksjon_202301","319","","False",
"dbo","REN_FraksjonTømmerute","dbo.REN_FraksjonTømmerute","3471","","False",
"dbo","REN_Genereringshendelse","dbo.REN_Genereringshendelse","3","","False",
"dbo","REN_Gjenbrukstorg","dbo.REN_Gjenbrukstorg","11","","False",
"dbo","REN_Lager","dbo.REN_Lager","228","","False",
"dbo","REN_Lagerenhet","dbo.REN_Lagerenhet","518","","False",
"dbo","REN_Lagerenhet_202301","dbo.REN_Lagerenhet_202301","482","","False",
"dbo","REN_LagerenhetBiltype","dbo.REN_LagerenhetBiltype","2","","False",
"dbo","REN_LagerenhetDetaljer","dbo.REN_LagerenhetDetaljer","0","","True",
"dbo","REN_LagerenhetType","dbo.REN_LagerenhetType","0","","True",
"dbo","REN_LagerenhetVareKobling","dbo.REN_LagerenhetVareKobling","391","","False",
"dbo","REN_LagerenhetVareKobling_202301","dbo.REN_LagerenhetVareKobling_202301","387","","False",
"dbo","REN_LagerLokasjon","dbo.REN_LagerLokasjon","1","","False",
"dbo","REN_Lokktype","dbo.REN_Lokktype","1","","False",
"dbo","REN_Låstype","dbo.REN_Låstype","1","","False",
"dbo","REN_Merknad","dbo.REN_Merknad","207","","False",
"dbo","REN_Merknad_202301","dbo.REN_Merknad_202301","189","","False",
"dbo","REN_Merknadstype","dbo.REN_Merknadstype","6","","False",
"dbo","REN_Produsent","dbo.REN_Produsent","0","","True",
"dbo","REN_Serviceavtale","dbo.REN_Serviceavtale","0","","True",
"dbo","REN_Serviceavtale_202301","dbo.REN_Serviceavtale_202301","0","","True",
"dbo","REN_ServiceavtaleType","dbo.REN_ServiceavtaleType","0","","True",
"dbo","REN_Sjåfør","dbo.REN_Sjåfør","0","","True",
"dbo","REN_Standplass","dbo.REN_Standplass","53577","","False",
"dbo","REN_Standplass_202301","dbo.REN_Standplass_202301","51901","","False",
"dbo","REN_Standplass_Gruppe","dbo.REN_Standplass_Gruppe","4","","False",
"dbo","REN_StandplassGeometry","dbo.REN_StandplassGeometry","53118","","False",
"dbo","REN_StandplassRute","dbo.REN_StandplassRute","117400","","False",
"dbo","REN_StandplassType","dbo.REN_StandplassType","10","","False",
"dbo","REN_Størrelse","dbo.REN_Størrelse","61","","False",
"dbo","REN_Symbol","dbo.REN_Symbol","21","","False",
"dbo","REN_TransportørprisGruppe","dbo.REN_TransportørprisGruppe","2","","False",
"dbo","REN_TømmingerKnr","dbo.REN_TømmingerKnr","303","","False",
"dbo","REN_Videolink","dbo.REN_Videolink","3","","False",
"dbo","REN_VolumGebyr","dbo.REN_VolumGebyr","0","","True",
"dbo","Rentebelastning","dbo.Rentebelastning","0","","True",
"dbo","Rentegodtgjorelse","dbo.Rentegodtgjorelse","0","","True",
"dbo","RenteKnr","dbo.RenteKnr","0","","True",
"dbo","Renter","dbo.Renter","0","","True",
"dbo","Reskontro_BBS_eFaktura_Filer","dbo.Reskontro_BBS_eFaktura_Filer","403","","False",
"dbo","Reskontro_BBS_eFaktura_koder","dbo.Reskontro_BBS_eFaktura_koder","0","","True",
"dbo","Reskontro_BBS_eFaktura_Kvittering","dbo.Reskontro_BBS_eFaktura_Kvittering","29","","False",
"dbo","Reskontro_BBS_eFaktura_Kvittering_Faktura","dbo.Reskontro_BBS_eFaktura_Kvittering_Faktura","0","","True",
"dbo","Reskontro_BBS_eFaktura_Pamelding","dbo.Reskontro_BBS_eFaktura_Pamelding","1433192","","False",
"dbo","Reskontro_BBS_eFaktura_Svar","dbo.Reskontro_BBS_eFaktura_Svar","1433192","","False",
"dbo","Reskontro_Utskrevet_Knr","dbo.Reskontro_Utskrevet_Knr","0","","True",
"dbo","Reskontro_Utskrevet_Totaler","dbo.Reskontro_Utskrevet_Totaler","0","","True",
"dbo","Reskontroliste","dbo.Reskontroliste","0","","True",
"dbo","RI_AntallBoenheter","dbo.RI_AntallBoenheter","0","","True",
"dbo","RI_AntallEtasjer","dbo.RI_AntallEtasjer","0","","True",
"dbo","RI_Bygningstype","dbo.RI_Bygningstype","162","","False",
"dbo","RI_Bygningsår","dbo.RI_Bygningsår","0","","True",
"dbo","RI_Frekvens","dbo.RI_Frekvens","0","","True",
"dbo","RI_Risiko","dbo.RI_Risiko","0","","True",
"dbo","Roller","dbo.Roller","9","","False",
"dbo","RolleTillatelse","dbo.RolleTillatelse","960","","False",
"dbo","Rute","dbo.Rute","431","","False",
"dbo","RuteDager","dbo.RuteDager","60248","","False",
"dbo","RuteDager_202301","dbo.RuteDager_202301","26338","","False",
"dbo","RuteDagerEkskludert","dbo.RuteDagerEkskludert","927","","False",
"dbo","Rutestatus","dbo.Rutestatus","5","","False",
"dbo","Rutetype","dbo.Rutetype","5","","False",
"dbo","RuteVarsling","dbo.RuteVarsling","0","","True",
"dbo","SakArkivInnstilling","dbo.SakArkivInnstilling","28","","False",
"dbo","SakArkivInnstillingSakArkivSystem","dbo.SakArkivInnstillingSakArkivSystem","15","","False",
"dbo","SakArkivSystem","dbo.SakArkivSystem","6","","False",
"dbo","SamleFaktura","dbo.SamleFaktura","3","","False",
"dbo","Sektorkode","dbo.Sektorkode","25","","False",
"dbo","SLAM_AnleggsLosning","dbo.SLAM_AnleggsLosning","18","","False",
"dbo","SLAM_Avskiller","dbo.SLAM_Avskiller","32732","","False",
"dbo","SLAM_Avskiller_Avtale","dbo.SLAM_Avskiller_Avtale","36963","","False",
"dbo","SLAM_AvskillerBilGeometry","dbo.SLAM_AvskillerBilGeometry","32716","","False",
"dbo","SLAM_AvskillerGeometry","dbo.SLAM_AvskillerGeometry","32716","","False",
"dbo","SLAM_Avtale","dbo.SLAM_Avtale","1819","","False",
"dbo","SLAM_BestilleFakturagrunnlag","dbo.SLAM_BestilleFakturagrunnlag","0","","True",
"dbo","SLAM_BestilleFakturagrunnlagTilsynKontroll","dbo.SLAM_BestilleFakturagrunnlagTilsynKontroll","0","","True",
"dbo","SLAM_BoOmraade","dbo.SLAM_BoOmraade","1","","False",
"dbo","SLAM_ByggType","dbo.SLAM_ByggType","5","","False",
"dbo","SLAM_Frekvens","dbo.SLAM_Frekvens","33161","","False",
"dbo","SLAM_FrekvensType","dbo.SLAM_FrekvensType","3","","False",
"dbo","SLAM_Grunnforhold","dbo.SLAM_Grunnforhold","1","","False",
"dbo","SLAM_Gruppe","dbo.SLAM_Gruppe","588","","False",
"dbo","SLAM_HyppighetAar","dbo.SLAM_HyppighetAar","9","","False",
"dbo","SLAM_Kontrollør","dbo.SLAM_Kontrollør","0","","True",
"dbo","SLAM_KonverteringKodeverk","dbo.SLAM_KonverteringKodeverk","0","","True",
"dbo","SLAM_Materialvalg","dbo.SLAM_Materialvalg","8","","False",
"dbo","SLAM_Nedbør","dbo.SLAM_Nedbør","0","","True",
"dbo","SLAM_OrdreBestilling","dbo.SLAM_OrdreBestilling","52","","False",
"dbo","SLAM_Resipient","dbo.SLAM_Resipient","7","","False",
"dbo","SLAM_ResipientSone","dbo.SLAM_ResipientSone","0","","True",
"dbo","SLAM_Rute","dbo.SLAM_Rute","0","","True",
"dbo","SLAM_SlamSone","dbo.SLAM_SlamSone","91","","False",
"dbo","SLAM_StatusTilstand","dbo.SLAM_StatusTilstand","1","","False",
"dbo","SLAM_TankPlassering","dbo.SLAM_TankPlassering","962","","False",
"dbo","SLAM_TankType","dbo.SLAM_TankType","12","","False",
"dbo","SLAM_TanktypeVare","dbo.SLAM_TanktypeVare","1","","False",
"dbo","SLAM_TilsynKontroll","dbo.SLAM_TilsynKontroll","0","","True",
"dbo","SLAM_TilsynKontrollType","dbo.SLAM_TilsynKontrollType","0","","True",
"dbo","SLAM_TilsynKontrollTypeVare","dbo.SLAM_TilsynKontrollTypeVare","0","","True",
"dbo","SLAM_TommingUtfores","dbo.SLAM_TommingUtfores","3","","False",
"dbo","SLAM_UtforteOppgaver","dbo.SLAM_UtforteOppgaver","0","","True",
"dbo","SLAM_UtfortTekst","dbo.SLAM_UtfortTekst","6","","False",
"dbo","SLAM_Utstyr","dbo.SLAM_Utstyr","5","","False",
"dbo","SMS_Abonnenter","dbo.SMS_Abonnenter","0","","True",
"dbo","SMS_SMS_TilSending","dbo.SMS_SMS_TilSending","0","","True",
"dbo","SMS_UtgåendeSMS","dbo.SMS_UtgåendeSMS","0","","True",
"dbo","SofieAvtale","dbo.SofieAvtale","0","","True",
"dbo","SofieFaktura","dbo.SofieFaktura","0","","True",
"dbo","SofieKnr","dbo.SofieKnr","0","","True",
"dbo","SofiePerson","dbo.SofiePerson","0","","True",
"dbo","SofiePersonStatus","dbo.SofiePersonStatus","14","","False",
"dbo","SofieStatusListe","dbo.SofieStatusListe","4","","False",
"dbo","Sone","dbo.Sone","4","","False",
"dbo","Sone_Tmp_Hus","dbo.Sone_Tmp_Hus","0","","True",
"dbo","Sorteringskode","dbo.Sorteringskode","1","","False",
"dbo","SorteringskodeType","dbo.SorteringskodeType","3","","False",
"dbo","Standardbrev","dbo.Standardbrev","0","","True",
"dbo","StandplassID_Tmp_Hus","dbo.StandplassID_Tmp_Hus","3048","","False",
"dbo","SyncTabell","dbo.SyncTabell","0","","True",
"dbo","sysdiagrams","dbo.sysdiagrams","0","","True",
"dbo","TA_Avvik","dbo.TA_Avvik","0","","True",
"dbo","TA_Avvikstype","dbo.TA_Avvikstype","0","","True",
"dbo","TA_Bruker","dbo.TA_Bruker","0","","True",
"dbo","TA_Enhet","dbo.TA_Enhet","0","","True",
"dbo","TA_Fabrikat","dbo.TA_Fabrikat","0","","True",
"dbo","TA_Innhold","dbo.TA_Innhold","0","","True",
"dbo","TA_Miljoverdi","dbo.TA_Miljoverdi","0","","True",
"dbo","TA_Omradetype","dbo.TA_Omradetype","0","","True",
"dbo","TA_Oppgave","dbo.TA_Oppgave","0","","True",
"dbo","TA_Ordre","dbo.TA_Ordre","0","","True",
"dbo","TA_Plassering","dbo.TA_Plassering","0","","True",
"dbo","TA_Tank","dbo.TA_Tank","0","","True",
"dbo","TA_TankGeometry","dbo.TA_TankGeometry","0","","True",
"dbo","TA_Type","dbo.TA_Type","0","","True",
"dbo","Temp_ArbeidslisteLinjer_FørOpprydding","dbo.Temp_ArbeidslisteLinjer_FørOpprydding","0","","True",
"dbo","Temp_EiendomKontaktpersoner","dbo.Temp_EiendomKontaktpersoner","0","","True",
"dbo","Temp_HIS_OrdrelinjerDetalj_FørOpprydding","dbo.Temp_HIS_OrdrelinjerDetalj_FørOpprydding","0","","True",
"dbo","TEMP_InnstillingOppdragsgiver","dbo.TEMP_InnstillingOppdragsgiver","21","","False",
"dbo","TEMP_InnstillingSystem","dbo.TEMP_InnstillingSystem","558","","False",
"dbo","TEMP_Ordrelinjer","dbo.TEMP_Ordrelinjer","0","","True",
"dbo","Temp_Ordrelinjer_Bilder_FørOpprydding","dbo.Temp_Ordrelinjer_Bilder_FørOpprydding","0","","True",
"dbo","Temp_Ordrelinjer_FørOpprydding","dbo.Temp_Ordrelinjer_FørOpprydding","30946","","False",
"dbo","Temp_OrdrelinjerBilder_FørOpprydding","dbo.Temp_OrdrelinjerBilder_FørOpprydding","0","","True",
"dbo","Temp_Postnummer","dbo.Temp_Postnummer","5122","","False",
"dbo","TEMP_REN_Antall","dbo.TEMP_REN_Antall","0","","True",
"dbo","TEMP_REN_EF","dbo.TEMP_REN_EF","0","","True",
"dbo","TEMP_REN_EFSFAntall","dbo.TEMP_REN_EFSFAntall","0","","True",
"dbo","TEMP_REN_EFSFSum","dbo.TEMP_REN_EFSFSum","0","","True",
"dbo","TEMP_REN_FG_Enheter","dbo.TEMP_REN_FG_Enheter","0","","True",
"dbo","TEMP_REN_FG_Enheter_V5","dbo.TEMP_REN_FG_Enheter_V5","1118","","False",
"dbo","TEMP_REN_FG_Enheter_V6","dbo.TEMP_REN_FG_Enheter_V6","1022","","False",
"dbo","TEMP_REN_OrdrelinjerAvtaler","dbo.TEMP_REN_OrdrelinjerAvtaler","0","","True",
"dbo","TEMP_REN_Sum","dbo.TEMP_REN_Sum","0","","True",
"dbo","TEMP_Visma_Kunde","dbo.TEMP_Visma_Kunde","0","","True",
"dbo","TEMP2015__OrdrelinjerDetalj","dbo.TEMP2015__OrdrelinjerDetalj","73452","","False",
"dbo","Temp2015_AvviksKategori","dbo.Temp2015_AvviksKategori","4","","False",
"dbo","Temp2015_OrdrelinjerAvvik","dbo.Temp2015_OrdrelinjerAvvik","17300","","False",
"dbo","Termin","dbo.Termin","177","","False",
"dbo","Terminliste","dbo.Terminliste","9","","False",
"dbo","TerminlisteBytte","dbo.TerminlisteBytte","0","","True",
"dbo","TildelteRoller","dbo.TildelteRoller","0","","True",
"dbo","Tilsynsgruppe","dbo.Tilsynsgruppe","0","","True",
"dbo","Tittel","dbo.Tittel","4","","False",
"dbo","tmp_AvtaleVare8984","dbo.tmp_AvtaleVare8984","2407","","False",
"dbo","TMP_EHF_Faktura","dbo.TMP_EHF_Faktura","2052","","False",
"dbo","Tmp_ImportAnalyse","dbo.Tmp_ImportAnalyse","0","","True",
"dbo","tmp_rekkefolg","dbo.tmp_rekkefolg","35238","","False",
"dbo","tmp_slettetPerson","dbo.tmp_slettetPerson","5089","","False",
"dbo","tmpBetalingstype","dbo.tmpBetalingstype","16","","False",
"dbo","tmpKobGrp","dbo.tmpKobGrp","2366","","False",
"dbo","TmpKommunalVare","dbo.TmpKommunalVare","425","","False",
"dbo","tmpMeldSlett","dbo.tmpMeldSlett","2409","","False",
"dbo","Transaksjoner","dbo.Transaksjoner","4537971","","False",
"dbo","transaksjoner_fadi","dbo.transaksjoner_fadi","3279758","","False",
"dbo","TransaksjonerKrysset","dbo.TransaksjonerKrysset","3842962","","False",
"dbo","Transaksjonslasing","dbo.Transaksjonslasing","443","","False",
"dbo","TransaksjonsType","dbo.TransaksjonsType","9","","False",
"dbo","Transportør","dbo.Transportør","25","","False",
"dbo","Tømmerute","dbo.Tømmerute","1759","","False",
"dbo","Tømmerute_202301","dbo.Tømmerute_202301","1608","","False",
"dbo","UMS_Knr","dbo.UMS_Knr","4756","","False",
"dbo","UMS_Koblingstype","dbo.UMS_Koblingstype","5","","False",
"dbo","UMS_Tekst","dbo.UMS_Tekst","20","","False",
"dbo","UMS_Tekst_Target","dbo.UMS_Tekst_Target","4","","False",
"dbo","UMS_Til_Sending","dbo.UMS_Til_Sending","29074","","False",
"dbo","UMS_TIL_Sending_Kobling","dbo.UMS_TIL_Sending_Kobling","1","","False",
"dbo","UMSVarselAvtale","dbo.UMSVarselAvtale","148535","","False",
"dbo","UMSVarselKnr","dbo.UMSVarselKnr","404","","False",
"dbo","Utbetalingsgrupper","dbo.Utbetalingsgrupper","0","","True",
"dbo","VannmalerRorleggere","dbo.VannmalerRorleggere","0","","True",
"dbo","VannmålerAkontoBeregning","dbo.VannmålerAkontoBeregning","0","","True",
"dbo","VannmålerAkontoBestilling","dbo.VannmålerAkontoBestilling","0","","True",
"dbo","VannmålerAkontoBestillingAvtale","dbo.VannmålerAkontoBestillingAvtale","0","","True",
"dbo","VannmålerAvlesning","dbo.VannmålerAvlesning","0","","True",
"dbo","VannmålerAvlesningLogg","dbo.VannmålerAvlesningLogg","31747","","False",
"dbo","VannmålerDimensjon","dbo.VannmålerDimensjon","13","","False",
"dbo","VannmålerImportAvlesning","dbo.VannmålerImportAvlesning","0","","True",
"dbo","VannmålerImportKontakt","dbo.VannmålerImportKontakt","0","","True",
"dbo","VannmålerImportMerknad","dbo.VannmålerImportMerknad","0","","True",
"dbo","VannmålerMontering","dbo.VannmålerMontering","0","","True",
"dbo","VannmålerMontering_Bilder","dbo.VannmålerMontering_Bilder","0","","True",
"dbo","VannmålerMonteringLogg","dbo.VannmålerMonteringLogg","31747","","False",
"dbo","VannmålerMålergebyr","dbo.VannmålerMålergebyr","0","","True",
"dbo","VannmålerMålerpunkt","dbo.VannmålerMålerpunkt","0","","True",
"dbo","VannmålerMålerpunktDekning","dbo.VannmålerMålerpunktDekning","0","","True",
"dbo","VannmålerMålerpunktGeometry","dbo.VannmålerMålerpunktGeometry","0","","True",
"dbo","VannmålerMålerpunktLogg","dbo.VannmålerMålerpunktLogg","31747","","False",
"dbo","VannmålerMålerpunktMålerpunktNummer","dbo.VannmålerMålerpunktMålerpunktNummer","0","","True",
"dbo","VannmålerMålerpunktType","dbo.VannmålerMålerpunktType","1","","False",
"dbo","VannmålerMålerpunktVannKategori","dbo.VannmålerMålerpunktVannKategori","5","","False",
"dbo","VannmålerMålertype","dbo.VannmålerMålertype","6","","False",
"dbo","VannmålerOppgjørsBeregningAkonto","dbo.VannmålerOppgjørsBeregningAkonto","0","","True",
"dbo","VannmålerOppgjørsBeregningObjekter","dbo.VannmålerOppgjørsBeregningObjekter","0","","True",
"dbo","VannmålerOppgjørsBestilling","dbo.VannmålerOppgjørsBestilling","0","","True",
"dbo","VannmålerOppgjørsBestillingAvtale","dbo.VannmålerOppgjørsBestillingAvtale","0","","True",
"dbo","VannmålerStipuleringBestilling","dbo.VannmålerStipuleringBestilling","0","","True",
"dbo","VannmålerStipuleringBestillingAvtale","dbo.VannmålerStipuleringBestillingAvtale","0","","True",
"dbo","VannmålerValgteMålere","dbo.VannmålerValgteMålere","0","","True",
"dbo","VannmålerVanngebyrer","dbo.VannmålerVanngebyrer","22","","False",
"dbo","VannmålerWebPeriode","dbo.VannmålerWebPeriode","0","","True",
"dbo","Vare","dbo.Vare","3729","","False",
"dbo","Varebunt","dbo.Varebunt","3","","False",
"dbo","VarebuntVare","dbo.VarebuntVare","0","","True",
"dbo","VareDeling","dbo.VareDeling","1","","False",
"dbo","Varegruppe","dbo.Varegruppe","12","","False",
"dbo","VaregruppeTransaksjoner_Temp","dbo.VaregruppeTransaksjoner_Temp","0","","True",
"dbo","VareHistorie","dbo.VareHistorie","15057","","False",
"dbo","VareIntervall","dbo.VareIntervall","0","","True",
"dbo","VareIntervallListe","dbo.VareIntervallListe","0","","True",
"dbo","VarePrisgruppe","dbo.VarePrisgruppe","10","","False",
"dbo","VareTerminliste","dbo.VareTerminliste","0","","True",
"dbo","Varetype","dbo.Varetype","24","","False",
"dbo","VarselAvtale","dbo.VarselAvtale","42187","","False",
"dbo","VarselFaktura","dbo.VarselFaktura","42633","","False",
"dbo","VarselKnr","dbo.VarselKnr","1453","","False",
"dbo","VarselPerson","dbo.VarselPerson","0","","True",
"dbo","VarselPersonStatus","dbo.VarselPersonStatus","4","","False",
"dbo","VarselStatusListe","dbo.VarselStatusListe","3","","False",
"dbo","VarselTinglystEierforhold","dbo.VarselTinglystEierforhold","0","","True",
"Eiendomsskatt","__MigrationHistory","Eiendomsskatt.__MigrationHistory","192","","False",
"Eiendomsskatt","AjourføreTakstskjemaerTasks","Eiendomsskatt.AjourføreTakstskjemaerTasks","0","","True",
"Eiendomsskatt","Arbeidslistes","Eiendomsskatt.Arbeidslistes","0","","True",
"Eiendomsskatt","Arealfaktors","Eiendomsskatt.Arealfaktors","0","","True",
"Eiendomsskatt","Arealregels","Eiendomsskatt.Arealregels","0","","True",
"Eiendomsskatt","Befarings","Eiendomsskatt.Befarings","0","","True",
"Eiendomsskatt","Befaringsfirmas","Eiendomsskatt.Befaringsfirmas","0","","True",
"Eiendomsskatt","Befaringslistes","Eiendomsskatt.Befaringslistes","0","","True",
"Eiendomsskatt","Befaringsmanns","Eiendomsskatt.Befaringsmanns","0","","True",
"Eiendomsskatt","BehandleFormuesgrunnlagTasks","Eiendomsskatt.BehandleFormuesgrunnlagTasks","0","","True",
"Eiendomsskatt","BehandleUtskrivingsvedtakTasks","Eiendomsskatt.BehandleUtskrivingsvedtakTasks","0","","True",
"Eiendomsskatt","BestilleBehandleUtskrivingsvedtakDokumentVedleggs","Eiendomsskatt.BestilleBehandleUtskrivingsvedtakDokumentVedleggs","0","","True",
"Eiendomsskatt","BestilleBehandleUtskrivingsvedtakEndreVedtakdatoArkivs","Eiendomsskatt.BestilleBehandleUtskrivingsvedtakEndreVedtakdatoArkivs","0","","True",
"Eiendomsskatt","BestilleBehandleUtskrivingsvedtakEndreVedtakdatos","Eiendomsskatt.BestilleBehandleUtskrivingsvedtakEndreVedtakdatos","0","","True",
"Eiendomsskatt","BestilleBehandleUtskrivingsvedtaks","Eiendomsskatt.BestilleBehandleUtskrivingsvedtaks","0","","True",
"Eiendomsskatt","BestilleBehandleUtskrivingsvedtakSendForhåndsvarsels","Eiendomsskatt.BestilleBehandleUtskrivingsvedtakSendForhåndsvarsels","0","","True",
"Eiendomsskatt","BestilleBehandleUtskrivingsvedtakSendSkatteseddelOgVedtaksbrevs","Eiendomsskatt.BestilleBehandleUtskrivingsvedtakSendSkatteseddelOgVedtaksbrevs","0","","True",
"Eiendomsskatt","BestilleBehandleUtskrivingsvedtakSettUtgåtts","Eiendomsskatt.BestilleBehandleUtskrivingsvedtakSettUtgåtts","0","","True",
"Eiendomsskatt","BestilleBehandleUtskrivingsvedtakSkatteeiendoms","Eiendomsskatt.BestilleBehandleUtskrivingsvedtakSkatteeiendoms","0","","True",
"Eiendomsskatt","BestilleBehandleUtskrivingsvedtakStartArkivs","Eiendomsskatt.BestilleBehandleUtskrivingsvedtakStartArkivs","0","","True",
"Eiendomsskatt","BestilleBehandleUtskrivingsvedtakStarts","Eiendomsskatt.BestilleBehandleUtskrivingsvedtakStarts","0","","True",
"Eiendomsskatt","BestilleBehandleUtskrivingsvedtakStikkords","Eiendomsskatt.BestilleBehandleUtskrivingsvedtakStikkords","0","","True",
"Eiendomsskatt","BestilleBehandleUtskrivingsvedtakStopps","Eiendomsskatt.BestilleBehandleUtskrivingsvedtakStopps","0","","True",
"Eiendomsskatt","BestilleBehandleUtskrivingsvedtakUtskrivingsvedtaks","Eiendomsskatt.BestilleBehandleUtskrivingsvedtakUtskrivingsvedtaks","0","","True",
"Eiendomsskatt","BoligverdiBruksenhets","Eiendomsskatt.BoligverdiBruksenhets","0","","True",
"Eiendomsskatt","Brukers","Eiendomsskatt.Brukers","0","","True",
"Eiendomsskatt","BruksenhetVedlikeholdVersjonsnummerForSkatteeiendoms","Eiendomsskatt.BruksenhetVedlikeholdVersjonsnummerForSkatteeiendoms","0","","True",
"Eiendomsskatt","BruksenhetVedlikeholdVersjonsnummerForTaksts","Eiendomsskatt.BruksenhetVedlikeholdVersjonsnummerForTaksts","0","","True",
"Eiendomsskatt","BygningVedlikeholdVersjonsnummers","Eiendomsskatt.BygningVedlikeholdVersjonsnummers","0","","True",
"Eiendomsskatt","ChangeLogs","Eiendomsskatt.ChangeLogs","0","","True",
"Eiendomsskatt","EiendomsTeigVedlikeholdVersjonsnummers","Eiendomsskatt.EiendomsTeigVedlikeholdVersjonsnummers","0","","True",
"Eiendomsskatt","Endringsgrunns","Eiendomsskatt.Endringsgrunns","0","","True",
"Eiendomsskatt","Etasjenummerfaktors","Eiendomsskatt.Etasjenummerfaktors","0","","True",
"Eiendomsskatt","Etasjetypefaktors","Eiendomsskatt.Etasjetypefaktors","0","","True",
"Eiendomsskatt","FakturereUtskrivingsvedtakTasks","Eiendomsskatt.FakturereUtskrivingsvedtakTasks","0","","True",
"Eiendomsskatt","FellesarealBygningstypes","Eiendomsskatt.FellesarealBygningstypes","0","","True",
"Eiendomsskatt","FGHendelseLoggs","Eiendomsskatt.FGHendelseLoggs","0","","True",
"Eiendomsskatt","FGHendelses","Eiendomsskatt.FGHendelses","0","","True",
"Eiendomsskatt","Frases","Eiendomsskatt.Frases","0","","True",
"Eiendomsskatt","Fritakslistes","Eiendomsskatt.Fritakslistes","0","","True",
"Eiendomsskatt","Fritaktypes","Eiendomsskatt.Fritaktypes","0","","True",
"Eiendomsskatt","ImportBoligverdis","Eiendomsskatt.ImportBoligverdis","0","","True",
"Eiendomsskatt","ImportBoligverdiTasks","Eiendomsskatt.ImportBoligverdiTasks","0","","True",
"Eiendomsskatt","Kalenders","Eiendomsskatt.Kalenders","0","","True",
"Eiendomsskatt","Kategoris","Eiendomsskatt.Kategoris","0","","True",
"Eiendomsskatt","LoggSkatteeiendomAdresseVersjonIds","Eiendomsskatt.LoggSkatteeiendomAdresseVersjonIds","0","","True",
"Eiendomsskatt","LoggSkatteeiendomBruksenhetVersjonIds","Eiendomsskatt.LoggSkatteeiendomBruksenhetVersjonIds","0","","True",
"Eiendomsskatt","LoggSkatteeiendomMatrikkelenhetVersjonIds","Eiendomsskatt.LoggSkatteeiendomMatrikkelenhetVersjonIds","0","","True",
"Eiendomsskatt","LoggTakstBruksenhetVersjonIds","Eiendomsskatt.LoggTakstBruksenhetVersjonIds","0","","True",
"Eiendomsskatt","LoggTakstBygningVersjonIds","Eiendomsskatt.LoggTakstBygningVersjonIds","0","","True",
"Eiendomsskatt","LoggTakstEiendomsteigVersjonIds","Eiendomsskatt.LoggTakstEiendomsteigVersjonIds","0","","True",
"Eiendomsskatt","LoggTakstMatrikkelenhetVersjonIds","Eiendomsskatt.LoggTakstMatrikkelenhetVersjonIds","0","","True",
"Eiendomsskatt","MatrikkelVedlikeholdVersjonsnummerForSkatteeiendoms","Eiendomsskatt.MatrikkelVedlikeholdVersjonsnummerForSkatteeiendoms","0","","True",
"Eiendomsskatt","MatrikkelVedlikeholdVersjonsnummerForTaksts","Eiendomsskatt.MatrikkelVedlikeholdVersjonsnummerForTaksts","0","","True",
"Eiendomsskatt","MatrikkelVedlikeholdVersjonsnummers","Eiendomsskatt.MatrikkelVedlikeholdVersjonsnummers","0","","True",
"Eiendomsskatt","Møtes","Eiendomsskatt.Møtes","0","","True",
"Eiendomsskatt","Nemndlistes","Eiendomsskatt.Nemndlistes","0","","True",
"Eiendomsskatt","Nemndmedlems","Eiendomsskatt.Nemndmedlems","0","","True",
"Eiendomsskatt","Nemnds","Eiendomsskatt.Nemnds","0","","True",
"Eiendomsskatt","Områdes","Eiendomsskatt.Områdes","0","","True",
"Eiendomsskatt","RapportKodes","Eiendomsskatt.RapportKodes","0","","True",
"Eiendomsskatt","Saks","Eiendomsskatt.Saks","0","","True",
"Eiendomsskatt","Satses","Eiendomsskatt.Satses","0","","True",
"Eiendomsskatt","SkatteeiendomAnnenVerdis","Eiendomsskatt.SkatteeiendomAnnenVerdis","0","","True",
"Eiendomsskatt","SkatteeiendomBoenhets","Eiendomsskatt.SkatteeiendomBoenhets","0","","True",
"Eiendomsskatt","SkatteeiendomBoligverdiBoenhets","Eiendomsskatt.SkatteeiendomBoligverdiBoenhets","0","","True",
"Eiendomsskatt","SkatteeiendomBoligverdis","Eiendomsskatt.SkatteeiendomBoligverdis","0","","True",
"Eiendomsskatt","SkatteeiendomBortfesters","Eiendomsskatt.SkatteeiendomBortfesters","0","","True",
"Eiendomsskatt","SkatteeiendomFritaks","Eiendomsskatt.SkatteeiendomFritaks","0","","True",
"Eiendomsskatt","SkatteeiendomGeometris","Eiendomsskatt.SkatteeiendomGeometris","0","","True",
"Eiendomsskatt","SkatteeiendomHendelses","Eiendomsskatt.SkatteeiendomHendelses","0","","True",
"Eiendomsskatt","Skatteeiendoms","Eiendomsskatt.Skatteeiendoms","0","","True",
"Eiendomsskatt","SkatteeiendomVedlikeholdTasks","Eiendomsskatt.SkatteeiendomVedlikeholdTasks","0","","True",
"Eiendomsskatt","SkatteperiodeFormuesgrunnlagAPIs","Eiendomsskatt.SkatteperiodeFormuesgrunnlagAPIs","0","","True",
"Eiendomsskatt","Skatteperiodes","Eiendomsskatt.Skatteperiodes","0","","True",
"Eiendomsskatt","SkatteperiodeSkatteiendoms","Eiendomsskatt.SkatteperiodeSkatteiendoms","0","","True",
"Eiendomsskatt","SkatteperiodeTaksts","Eiendomsskatt.SkatteperiodeTaksts","0","","True",
"Eiendomsskatt","SkatteverditypeAnnenVerdis","Eiendomsskatt.SkatteverditypeAnnenVerdis","0","","True",
"Eiendomsskatt","SkatteverditypeBoligverdis","Eiendomsskatt.SkatteverditypeBoligverdis","0","","True",
"Eiendomsskatt","Skatteverditypes","Eiendomsskatt.Skatteverditypes","0","","True",
"Eiendomsskatt","SkatteverditypeTaksts","Eiendomsskatt.SkatteverditypeTaksts","0","","True",
"Eiendomsskatt","Skatteårs","Eiendomsskatt.Skatteårs","0","","True",
"Eiendomsskatt","StatusIkons","Eiendomsskatt.StatusIkons","0","","True",
"Eiendomsskatt","TakstBegrunnelses","Eiendomsskatt.TakstBegrunnelses","0","","True",
"Eiendomsskatt","TakstenhetBygnings","Eiendomsskatt.TakstenhetBygnings","0","","True",
"Eiendomsskatt","Takstenhets","Eiendomsskatt.Takstenhets","0","","True",
"Eiendomsskatt","TakstenhetTakstvedtaks","Eiendomsskatt.TakstenhetTakstvedtaks","0","","True",
"Eiendomsskatt","TakstenhetTomts","Eiendomsskatt.TakstenhetTomts","0","","True",
"Eiendomsskatt","TakstgruppeBruksenhetstypes","Eiendomsskatt.TakstgruppeBruksenhetstypes","0","","True",
"Eiendomsskatt","TakstgruppeBygningsstatuses","Eiendomsskatt.TakstgruppeBygningsstatuses","0","","True",
"Eiendomsskatt","TakstgruppeBygningstypes","Eiendomsskatt.TakstgruppeBygningstypes","0","","True",
"Eiendomsskatt","Takstgruppes","Eiendomsskatt.Takstgruppes","0","","True",
"Eiendomsskatt","TakstHendelses","Eiendomsskatt.TakstHendelses","0","","True",
"Eiendomsskatt","TakstnemndlisteNotats","Eiendomsskatt.TakstnemndlisteNotats","0","","True",
"Eiendomsskatt","TakstNemndlistes","Eiendomsskatt.TakstNemndlistes","0","","True",
"Eiendomsskatt","TakstobjektBruksenhets","Eiendomsskatt.TakstobjektBruksenhets","0","","True",
"Eiendomsskatt","TakstobjektEtasjes","Eiendomsskatt.TakstobjektEtasjes","0","","True",
"Eiendomsskatt","Takstobjekts","Eiendomsskatt.Takstobjekts","0","","True",
"Eiendomsskatt","TakstobjektTakstvedtaks","Eiendomsskatt.TakstobjektTakstvedtaks","0","","True",
"Eiendomsskatt","TakstobjektTeigs","Eiendomsskatt.TakstobjektTeigs","0","","True",
"Eiendomsskatt","Taksts","Eiendomsskatt.Taksts","0","","True",
"Eiendomsskatt","TakstsoneAdressePrioritets","Eiendomsskatt.TakstsoneAdressePrioritets","0","","True",
"Eiendomsskatt","TakstsoneMatrikkeladressePrioritets","Eiendomsskatt.TakstsoneMatrikkeladressePrioritets","0","","True",
"Eiendomsskatt","TakstSoneOmrådePrioritets","Eiendomsskatt.TakstSoneOmrådePrioritets","0","","True",
"Eiendomsskatt","TakstsonePostnummerPrioritets","Eiendomsskatt.TakstsonePostnummerPrioritets","0","","True",
"Eiendomsskatt","Takstsones","Eiendomsskatt.Takstsones","0","","True",
"Eiendomsskatt","TakstVedlikeholdTakstStatuses","Eiendomsskatt.TakstVedlikeholdTakstStatuses","0","","True",
"Eiendomsskatt","TakstVedlikeholdTaskSkatteverditypes","Eiendomsskatt.TakstVedlikeholdTaskSkatteverditypes","0","","True",
"Eiendomsskatt","TakstVedtakBestillings","Eiendomsskatt.TakstVedtakBestillings","0","","True",
"Eiendomsskatt","Takstvedtaks","Eiendomsskatt.Takstvedtaks","0","","True",
"Eiendomsskatt","TakstVedtakTasks","Eiendomsskatt.TakstVedtakTasks","0","","True",
"Eiendomsskatt","UnntattBegrunnelses","Eiendomsskatt.UnntattBegrunnelses","0","","True",
"Eiendomsskatt","UtskrivingsvedtakAnnenVerdis","Eiendomsskatt.UtskrivingsvedtakAnnenVerdis","0","","True",
"Eiendomsskatt","UtskrivingsvedtakAnnenVerdiVedtatts","Eiendomsskatt.UtskrivingsvedtakAnnenVerdiVedtatts","0","","True",
"Eiendomsskatt","UtskrivingsvedtakAvtalelinjes","Eiendomsskatt.UtskrivingsvedtakAvtalelinjes","0","","True",
"Eiendomsskatt","UtskrivingsvedtakBoenhets","Eiendomsskatt.UtskrivingsvedtakBoenhets","0","","True",
"Eiendomsskatt","UtskrivingsvedtakBoligverdiBoenhets","Eiendomsskatt.UtskrivingsvedtakBoligverdiBoenhets","0","","True",
"Eiendomsskatt","UtskrivingsvedtakBoligverdiBunnfradragVedtatts","Eiendomsskatt.UtskrivingsvedtakBoligverdiBunnfradragVedtatts","0","","True",
"Eiendomsskatt","UtskrivingsvedtakBoligverdiFritakVedtatts","Eiendomsskatt.UtskrivingsvedtakBoligverdiFritakVedtatts","0","","True",
"Eiendomsskatt","UtskrivingsvedtakBoligverdis","Eiendomsskatt.UtskrivingsvedtakBoligverdis","0","","True",
"Eiendomsskatt","UtskrivingsvedtakBoligverdiVedtatts","Eiendomsskatt.UtskrivingsvedtakBoligverdiVedtatts","0","","True",
"Eiendomsskatt","UtskrivingsvedtakFritaks","Eiendomsskatt.UtskrivingsvedtakFritaks","0","","True",
"Eiendomsskatt","UtskrivingsvedtakHendelses","Eiendomsskatt.UtskrivingsvedtakHendelses","0","","True",
"Eiendomsskatt","Utskrivingsvedtaks","Eiendomsskatt.Utskrivingsvedtaks","0","","True",
"Eiendomsskatt","UtskrivingsvedtakStatusLoggs","Eiendomsskatt.UtskrivingsvedtakStatusLoggs","0","","True",
"Eiendomsskatt","UtskrivingsvedtakTakstenhetBunnfradragVedtatts","Eiendomsskatt.UtskrivingsvedtakTakstenhetBunnfradragVedtatts","0","","True",
"Eiendomsskatt","UtskrivingsvedtakTakstenhetFritakVedtatts","Eiendomsskatt.UtskrivingsvedtakTakstenhetFritakVedtatts","0","","True",
"Eiendomsskatt","UtskrivingsvedtakTakstenhets","Eiendomsskatt.UtskrivingsvedtakTakstenhets","0","","True",
"Eiendomsskatt","UtskrivingsvedtakTakstenhetVedtatts","Eiendomsskatt.UtskrivingsvedtakTakstenhetVedtatts","0","","True",
"Eiendomsskatt","UtskrivingsvedtakTakstobjekts","Eiendomsskatt.UtskrivingsvedtakTakstobjekts","0","","True",
"Eiendomsskatt","UtskrivingsvedtakTaksts","Eiendomsskatt.UtskrivingsvedtakTaksts","0","","True",
"Eiendomsskatt","UtskrivingsvedtakTakstVedtatts","Eiendomsskatt.UtskrivingsvedtakTakstVedtatts","0","","True",
"Eiendomsskatt","UtskrivingsvedtakTasks","Eiendomsskatt.UtskrivingsvedtakTasks","0","","True",
"Eiendomsskatt","UtskrivingsvedtakVedtatts","Eiendomsskatt.UtskrivingsvedtakVedtatts","0","","True",
"Eiendomsskatt","VedtaksBegrunnelses","Eiendomsskatt.VedtaksBegrunnelses","0","","True",
"FeiingTilsyn","__MigrationHistory","FeiingTilsyn.__MigrationHistory","10","","False",
"FeiingTilsyn","ChangeLogs","FeiingTilsyn.ChangeLogs","0","","True",
"FeiingTilsyn","TekstVarsleFeiingTasks","FeiingTilsyn.TekstVarsleFeiingTasks","0","","True",
"Grunnsystem","__MigrationHistory","Grunnsystem.__MigrationHistory","30","","False",
"Grunnsystem","AdresseHistorikks","Grunnsystem.AdresseHistorikks","277992","","False",
"Grunnsystem","ArkivInnstillingDokuments","Grunnsystem.ArkivInnstillingDokuments","0","","True",
"Grunnsystem","ArkivInnstillingJournals","Grunnsystem.ArkivInnstillingJournals","0","","True",
"Grunnsystem","ArkivInnstillingKlasserings","Grunnsystem.ArkivInnstillingKlasserings","0","","True",
"Grunnsystem","ArkivInnstillingSaks","Grunnsystem.ArkivInnstillingSaks","0","","True",
"Grunnsystem","AvtaleHendelses","Grunnsystem.AvtaleHendelses","277594","","False",
"Grunnsystem","ChangeLogs","Grunnsystem.ChangeLogs","2388752","","False",
"Grunnsystem","DokumentArkivSendTasks","Grunnsystem.DokumentArkivSendTasks","0","","True",
"Grunnsystem","DokumentAvsenderArkivs","Grunnsystem.DokumentAvsenderArkivs","0","","True",
"Grunnsystem","DokumentAvsenderIngenLeveranses","Grunnsystem.DokumentAvsenderIngenLeveranses","0","","True",
"Grunnsystem","DokumentAvsenderLokalUtskrifts","Grunnsystem.DokumentAvsenderLokalUtskrifts","0","","True",
"Grunnsystem","DokumentAvsenderManuellUtskrifts","Grunnsystem.DokumentAvsenderManuellUtskrifts","0","","True",
"Grunnsystem","DokumentAvsenders","Grunnsystem.DokumentAvsenders","0","","True",
"Grunnsystem","DokumentAvsenderSvarUts","Grunnsystem.DokumentAvsenderSvarUts","0","","True",
"Grunnsystem","DokumentLagTasks","Grunnsystem.DokumentLagTasks","0","","True",
"Grunnsystem","DokumentOppdaterStatusTasks","Grunnsystem.DokumentOppdaterStatusTasks","0","","True",
"Grunnsystem","DokumentPrioriterings","Grunnsystem.DokumentPrioriterings","0","","True",
"Grunnsystem","DokumentPrioriteringslistes","Grunnsystem.DokumentPrioriteringslistes","0","","True",
"Grunnsystem","DokumentSendTasks","Grunnsystem.DokumentSendTasks","0","","True",
"Grunnsystem","EfakturaadresseOppdaterLagTasks","Grunnsystem.EfakturaadresseOppdaterLagTasks","0","","True",
"Grunnsystem","EpostHistorikks","Grunnsystem.EpostHistorikks","0","","True",
"Grunnsystem","ForsendelseDokumentArkivs","Grunnsystem.ForsendelseDokumentArkivs","0","","True",
"Grunnsystem","ForsendelseDokuments","Grunnsystem.ForsendelseDokuments","0","","True",
"Grunnsystem","Forsendelses","Grunnsystem.Forsendelses","263981","","False",
"Grunnsystem","ForsendelseTekstmeldings","Grunnsystem.ForsendelseTekstmeldings","263981","","False",
"Grunnsystem","HendelseBases","Grunnsystem.HendelseBases","263981","","False",
"Grunnsystem","HendelseDokuments","Grunnsystem.HendelseDokuments","0","","True",
"Grunnsystem","HendelseKnrDokumentArkivs","Grunnsystem.HendelseKnrDokumentArkivs","0","","True",
"Grunnsystem","HendelseKnrDokumentRapports","Grunnsystem.HendelseKnrDokumentRapports","0","","True",
"Grunnsystem","HendelseKnrDokuments","Grunnsystem.HendelseKnrDokuments","0","","True",
"Grunnsystem","HendelseKnrDokumentVedleggs","Grunnsystem.HendelseKnrDokumentVedleggs","0","","True",
"Grunnsystem","HendelseKnrs","Grunnsystem.HendelseKnrs","121971","","False",
"Grunnsystem","HendelseKnrStikkords","Grunnsystem.HendelseKnrStikkords","0","","True",
"Grunnsystem","HendelseKnrTekstmeldings","Grunnsystem.HendelseKnrTekstmeldings","121640","","False",
"Grunnsystem","HendelseMeldings","Grunnsystem.HendelseMeldings","0","","True",
"Grunnsystem","HendelseOppgaves","Grunnsystem.HendelseOppgaves","0","","True",
"Grunnsystem","HendelseTekstmeldings","Grunnsystem.HendelseTekstmeldings","263981","","False",
"Grunnsystem","Identitets","Grunnsystem.Identitets","75068","","False",
"Grunnsystem","InnstillingFolkeregisterets","Grunnsystem.InnstillingFolkeregisterets","0","","True",
"Grunnsystem","InnstillingKrrs","Grunnsystem.InnstillingKrrs","1","","False",
"Grunnsystem","Kontaktinformasjons","Grunnsystem.Kontaktinformasjons","74399","","False",
"Grunnsystem","LeveranseArkivformidlers","Grunnsystem.LeveranseArkivformidlers","0","","True",
"Grunnsystem","LeveranseDokumentformidlers","Grunnsystem.LeveranseDokumentformidlers","0","","True",
"Grunnsystem","LeveranseLoggDokuments","Grunnsystem.LeveranseLoggDokuments","0","","True",
"Grunnsystem","LeveranseLoggs","Grunnsystem.LeveranseLoggs","343718","","False",
"Grunnsystem","LeveranseLoggTekstmeldings","Grunnsystem.LeveranseLoggTekstmeldings","343718","","False",
"Grunnsystem","Leveranses","Grunnsystem.Leveranses","242934","","False",
"Grunnsystem","LeveranseTekstmeldingformidlers","Grunnsystem.LeveranseTekstmeldingformidlers","242934","","False",
"Grunnsystem","MottakerIdentitets","Grunnsystem.MottakerIdentitets","251256","","False",
"Grunnsystem","MottakerMatrikkeladresses","Grunnsystem.MottakerMatrikkeladresses","802","","False",
"Grunnsystem","Mottakers","Grunnsystem.Mottakers","263981","","False",
"Grunnsystem","MottakerTelefonnummers","Grunnsystem.MottakerTelefonnummers","0","","True",
"Grunnsystem","MottakerUkjents","Grunnsystem.MottakerUkjents","24","","False",
"Grunnsystem","MottakerVegadresses","Grunnsystem.MottakerVegadresses","11899","","False",
"Grunnsystem","NavnHistorikks","Grunnsystem.NavnHistorikks","76546","","False",
"Grunnsystem","Oppgavetypes","Grunnsystem.Oppgavetypes","0","","True",
"Grunnsystem","TekstmeldingAbonnementLagTasks","Grunnsystem.TekstmeldingAbonnementLagTasks","2","","False",
"Grunnsystem","TekstmeldingAvsenders","Grunnsystem.TekstmeldingAvsenders","2","","False",
"Grunnsystem","TekstmeldingLagTasks","Grunnsystem.TekstmeldingLagTasks","82","","False",
"Grunnsystem","TekstmeldingMals","Grunnsystem.TekstmeldingMals","37","","False",
"Grunnsystem","TekstmeldingMottakerStatustypeMaps","Grunnsystem.TekstmeldingMottakerStatustypeMaps","20","","False",
"Grunnsystem","TekstmeldingPrioriterings","Grunnsystem.TekstmeldingPrioriterings","7","","False",
"Grunnsystem","TekstmeldingPrioriteringslistes","Grunnsystem.TekstmeldingPrioriteringslistes","3","","False",
"Grunnsystem","TekstmeldingSendTasks","Grunnsystem.TekstmeldingSendTasks","66","","False",
"Grunnsystem","TekstmeldingStatusTasks","Grunnsystem.TekstmeldingStatusTasks","5","","False",
"Grunnsystem","TekstmeldingStatustypeMaps","Grunnsystem.TekstmeldingStatustypeMaps","18","","False",
"Grunnsystem","TelefonnummerHistorikks","Grunnsystem.TelefonnummerHistorikks","0","","True",
"Grunnsystem","UrlOppslags","Grunnsystem.UrlOppslags","0","","True",
"Hendelse","__MigrationHistory","Hendelse.__MigrationHistory","81","","False",
"Hendelse","ArkivInnstillingDokuments","Hendelse.ArkivInnstillingDokuments","0","","True",
"Hendelse","ArkivInnstillingJournals","Hendelse.ArkivInnstillingJournals","0","","True",
"Hendelse","ArkivInnstillingKlasserings","Hendelse.ArkivInnstillingKlasserings","0","","True",
"Hendelse","ArkivInnstillingSaks","Hendelse.ArkivInnstillingSaks","0","","True",
"Hendelse","ChangeLogs","Hendelse.ChangeLogs","7278725","","False",
"Hendelse","DokumentArkivSendTasks","Hendelse.DokumentArkivSendTasks","0","","True",
"Hendelse","DokumentAvsenderArkivs","Hendelse.DokumentAvsenderArkivs","0","","True",
"Hendelse","DokumentAvsenderIngenLeveranses","Hendelse.DokumentAvsenderIngenLeveranses","0","","True",
"Hendelse","DokumentAvsenderLokalUtskrifts","Hendelse.DokumentAvsenderLokalUtskrifts","0","","True",
"Hendelse","DokumentAvsenderManuellUtskrifts","Hendelse.DokumentAvsenderManuellUtskrifts","0","","True",
"Hendelse","DokumentAvsenders","Hendelse.DokumentAvsenders","0","","True",
"Hendelse","DokumentAvsenderSvarUts","Hendelse.DokumentAvsenderSvarUts","0","","True",
"Hendelse","DokumentLagTasks","Hendelse.DokumentLagTasks","0","","True",
"Hendelse","DokumentOppdaterStatusTasks","Hendelse.DokumentOppdaterStatusTasks","0","","True",
"Hendelse","DokumentPrioriterings","Hendelse.DokumentPrioriterings","0","","True",
"Hendelse","DokumentPrioriteringslistes","Hendelse.DokumentPrioriteringslistes","0","","True",
"Hendelse","DokumentSendTasks","Hendelse.DokumentSendTasks","0","","True",
"Hendelse","ForsendelseDokumentArkivs","Hendelse.ForsendelseDokumentArkivs","0","","True",
"Hendelse","ForsendelseDokuments","Hendelse.ForsendelseDokuments","0","","True",
"Hendelse","Forsendelses","Hendelse.Forsendelses","106762","","False",
"Hendelse","ForsendelseTekstmeldings","Hendelse.ForsendelseTekstmeldings","106762","","False",
"Hendelse","HendelseBases","Hendelse.HendelseBases","106762","","False",
"Hendelse","HendelseDokuments","Hendelse.HendelseDokuments","0","","True",
"Hendelse","HendelseKnrDokumentArkivs","Hendelse.HendelseKnrDokumentArkivs","0","","True",
"Hendelse","HendelseKnrDokumentRapports","Hendelse.HendelseKnrDokumentRapports","0","","True",
"Hendelse","HendelseKnrDokuments","Hendelse.HendelseKnrDokuments","0","","True",
"Hendelse","HendelseKnrDokumentVedleggs","Hendelse.HendelseKnrDokumentVedleggs","0","","True",
"Hendelse","HendelseKnrs","Hendelse.HendelseKnrs","35792","","False",
"Hendelse","HendelseKnrStikkords","Hendelse.HendelseKnrStikkords","0","","True",
"Hendelse","HendelseKnrTekstmeldings","Hendelse.HendelseKnrTekstmeldings","35461","","False",
"Hendelse","HendelseMeldings","Hendelse.HendelseMeldings","0","","True",
"Hendelse","HendelseOppgaves","Hendelse.HendelseOppgaves","0","","True",
"Hendelse","HendelseTekstmeldings","Hendelse.HendelseTekstmeldings","106762","","False",
"Hendelse","InnstillingKrrs","Hendelse.InnstillingKrrs","1","","False",
"Hendelse","LeveranseArkivformidlers","Hendelse.LeveranseArkivformidlers","0","","True",
"Hendelse","LeveranseDokumentformidlers","Hendelse.LeveranseDokumentformidlers","0","","True",
"Hendelse","LeveranseLoggDokuments","Hendelse.LeveranseLoggDokuments","0","","True",
"Hendelse","LeveranseLoggs","Hendelse.LeveranseLoggs","105169","","False",
"Hendelse","LeveranseLoggTekstmeldings","Hendelse.LeveranseLoggTekstmeldings","105169","","False",
"Hendelse","Leveranses","Hendelse.Leveranses","95479","","False",
"Hendelse","LeveranseTekstmeldingformidlers","Hendelse.LeveranseTekstmeldingformidlers","95479","","False",
"Hendelse","MottakerIdentitets","Hendelse.MottakerIdentitets","100888","","False",
"Hendelse","MottakerMatrikkeladresses","Hendelse.MottakerMatrikkeladresses","401","","False",
"Hendelse","Mottakers","Hendelse.Mottakers","106762","","False",
"Hendelse","MottakerTelefonnummers","Hendelse.MottakerTelefonnummers","0","","True",
"Hendelse","MottakerUkjents","Hendelse.MottakerUkjents","3","","False",
"Hendelse","MottakerVegadresses","Hendelse.MottakerVegadresses","5470","","False",
"Hendelse","Oppgavetypes","Hendelse.Oppgavetypes","0","","True",
"Hendelse","TekstmeldingAbonnementLagTasks","Hendelse.TekstmeldingAbonnementLagTasks","2","","False",
"Hendelse","TekstmeldingAvsenders","Hendelse.TekstmeldingAvsenders","2","","False",
"Hendelse","TekstmeldingLagTasks","Hendelse.TekstmeldingLagTasks","79","","False",
"Hendelse","TekstmeldingMals","Hendelse.TekstmeldingMals","31","","False",
"Hendelse","TekstmeldingMottakerStatustypeMaps","Hendelse.TekstmeldingMottakerStatustypeMaps","16","","False",
"Hendelse","TekstmeldingPrioriterings","Hendelse.TekstmeldingPrioriterings","7","","False",
"Hendelse","TekstmeldingPrioriteringslistes","Hendelse.TekstmeldingPrioriteringslistes","3","","False",
"Hendelse","TekstmeldingSendTasks","Hendelse.TekstmeldingSendTasks","63","","False",
"Hendelse","TekstmeldingStatustypeMaps","Hendelse.TekstmeldingStatustypeMaps","17","","False",
"Kart","__MigrationHistory","Kart.__MigrationHistory","2","","False",
"Kart","ChangeLogs","Kart.ChangeLogs","0","","True",
"Ordre","__MigrationHistory","Ordre.__MigrationHistory","5","","False",
"Ordre","ArbeidsordreAvtales","Ordre.ArbeidsordreAvtales","0","","True",
"Ordre","ArbeidsordreAvtaletypes","Ordre.ArbeidsordreAvtaletypes","0","","True",
"Ordre","Arbeidsordres","Ordre.Arbeidsordres","0","","True",
"Ordre","ChangeLogs","Ordre.ChangeLogs","0","","True",
"Ordre","Ordrelinjes","Ordre.Ordrelinjes","0","","True",
"Ordre","Ordres","Ordre.Ordres","0","","True",
"Rapport","__MigrationHistory","Rapport.__MigrationHistory","5","","False",
"Rapport","BrukerdefinertRapportInfoes","Rapport.BrukerdefinertRapportInfoes","0","","True",
"Rapport","ChangeLogs","Rapport.ChangeLogs","0","","True",
"Rapport","RapportInfoes","Rapport.RapportInfoes","57","","False",
"Rapport","RapportLayouts","Rapport.RapportLayouts","0","","True",
"Rapport","SystemRapportInfoes","Rapport.SystemRapportInfoes","57","","False",
"Renovasjon","__MigrationHistory","Renovasjon.__MigrationHistory","7","","False",
"Renovasjon","ChangeLogs","Renovasjon.ChangeLogs","101","","False",
"Renovasjon","TekstmeldingAbonnementHendelses","Renovasjon.TekstmeldingAbonnementHendelses","0","","True",
"Renovasjon","VarsleTømmeruteTasks","Renovasjon.VarsleTømmeruteTasks","101","","False",
"System","__MigrationHistory","System.__MigrationHistory","24","","False",
"System","BrukerdefinertRapportInfoes","System.BrukerdefinertRapportInfoes","0","","True",
"System","ChangeLogs","System.ChangeLogs","0","","True",
"System","Kravs","System.Kravs","0","","True",
"System","Locks","System.Locks","14","","False",
"System","Moduls","System.Moduls","0","","True",
"System","RapportInfoes","System.RapportInfoes","58","","False",
"System","RapportLayouts","System.RapportLayouts","0","","True",
"System","Rettighets","System.Rettighets","0","","True",
"System","Rolles","System.Rolles","0","","True",
"System","SystemRapportInfoes","System.SystemRapportInfoes","58","","False",
"System","SystemTaskEngineConnections","System.SystemTaskEngineConnections","83","","False",
"System","SystemTaskHistories","System.SystemTaskHistories","523473","","False",
"System","SystemTaskHistoryCancellationRequests","System.SystemTaskHistoryCancellationRequests","3","","False",
"System","SystemTaskHistoryLogs","System.SystemTaskHistoryLogs","21146550","","False",
"System","SystemTaskRunnings","System.SystemTaskRunnings","28","","False",
"System","SystemTasks","System.SystemTasks","356","","False",
"System","SystemTaskSchedules","System.SystemTaskSchedules","356","","False",
"System","WebBrukerApplikasjons","System.WebBrukerApplikasjons","0","","True",
"System","WebBrukerEksterns","System.WebBrukerEksterns","0","","True",
"System","WebBrukerGruppes","System.WebBrukerGruppes","0","","True",
"System","WebBrukerInnstillings","System.WebBrukerInnstillings","0","","True",
"System","WebBrukerInterns","System.WebBrukerInterns","0","","True",
"System","WebBrukers","System.WebBrukers","0","","True",
"System","WebGruppeModulKravs","System.WebGruppeModulKravs","0","","True",
"System","WebGruppeModuls","System.WebGruppeModuls","0","","True",
"System","WebGruppes","System.WebGruppes","0","","True",
"Vannmåler","__MigrationHistory","Vannmåler.__MigrationHistory","10","","False",
"Vannmåler","ChangeLogs","Vannmåler.ChangeLogs","0","","True",
"Vannmåler","Kjørebok","Vannmåler.Kjørebok","0","","True",
"Vannmåler","KjørebokVannmålerpunkt","Vannmåler.KjørebokVannmålerpunkt","0","","True",
"Vannmåler","MålerpunktAvlesningTasks","Vannmåler.MålerpunktAvlesningTasks","0","","True",
"Vannmåler","MålerpunktHendelse","Vannmåler.MålerpunktHendelse","0","","True",
"Vannmåler","OrdrelinjeVannmålermonterings","Vannmåler.OrdrelinjeVannmålermonterings","0","","True",
"Vannmåler","OrdrelinjeVannmålermonteringTypes","Vannmåler.OrdrelinjeVannmålermonteringTypes","0","","True",
"Vannmåler","OrdreVannmålerpunkts","Vannmåler.OrdreVannmålerpunkts","0","","True",
"Vannmåler","OrdreVannmålerpunktÅrsaks","Vannmåler.OrdreVannmålerpunktÅrsaks","0","","True",
